-- phpMyAdmin SQL Dump
-- version 5.2.1
-- https://www.phpmyadmin.net/
--
-- Host: 127.0.0.1
-- Generation Time: Sep 19, 2024 at 08:49 PM
-- Server version: 10.4.32-MariaDB
-- PHP Version: 8.2.12

SET SQL_MODE = "NO_AUTO_VALUE_ON_ZERO";
START TRANSACTION;
SET time_zone = "+00:00";


/*!40101 SET @OLD_CHARACTER_SET_CLIENT=@@CHARACTER_SET_CLIENT */;
/*!40101 SET @OLD_CHARACTER_SET_RESULTS=@@CHARACTER_SET_RESULTS */;
/*!40101 SET @OLD_COLLATION_CONNECTION=@@COLLATION_CONNECTION */;
/*!40101 SET NAMES utf8mb4 */;

--
-- Database: `testreact`
--

-- --------------------------------------------------------

--
-- Table structure for table `addons`
--

CREATE TABLE `addons` (
  `id` int(11) UNSIGNED NOT NULL,
  `name` varchar(255) NOT NULL,
  `price` decimal(10,2) NOT NULL
) ENGINE=InnoDB DEFAULT CHARSET=utf8mb4 COLLATE=utf8mb4_general_ci;

--
-- Dumping data for table `addons`
--

INSERT INTO `addons` (`id`, `name`, `price`) VALUES
(1, 'taengkambing', 59.00),
(2, 'chard', 59.00),
(3, 'test', 20.00),
(4, 'test', 59.00),
(5, 'cheesesabinimam', 59.00),
(6, 'cheesesabinimam', 50.00),
(7, 'test-bibingka', 79.00);

-- --------------------------------------------------------

--
-- Table structure for table `admin`
--

CREATE TABLE `admin` (
  `id` int(11) NOT NULL,
  `fullname` varchar(255) NOT NULL,
  `email` varchar(255) NOT NULL,
  `password` varchar(255) NOT NULL,
  `role` enum('admin','rider') NOT NULL DEFAULT 'admin'
) ENGINE=InnoDB DEFAULT CHARSET=utf8mb4 COLLATE=utf8mb4_general_ci;

--
-- Dumping data for table `admin`
--

INSERT INTO `admin` (`id`, `fullname`, `email`, `password`, `role`) VALUES
(1, 'lekra', 'soulreaper69@gmail.com', '$2b$10$WCAbBGO/glKo1.nV2eb36eTgghjWmMkOeyaUSKsuMA9ZB70RD0MFG', 'admin');

-- --------------------------------------------------------

--
-- Table structure for table `cart`
--

CREATE TABLE `cart` (
  `id` int(11) NOT NULL,
  `user_id` int(100) UNSIGNED NOT NULL,
  `created_at` timestamp NOT NULL DEFAULT current_timestamp(),
  `updated_at` timestamp NOT NULL DEFAULT current_timestamp() ON UPDATE current_timestamp()
) ENGINE=InnoDB DEFAULT CHARSET=utf8mb4 COLLATE=utf8mb4_general_ci;

--
-- Dumping data for table `cart`
--

INSERT INTO `cart` (`id`, `user_id`, `created_at`, `updated_at`) VALUES
(4, 29, '2024-07-23 08:10:42', '2024-07-23 08:10:42'),
(5, 30, '2024-07-23 08:20:10', '2024-07-23 08:20:10'),
(6, 31, '2024-07-24 05:20:33', '2024-07-24 05:20:33');

-- --------------------------------------------------------

--
-- Table structure for table `cart_items`
--

CREATE TABLE `cart_items` (
  `id` int(11) NOT NULL,
  `user_id` int(100) UNSIGNED NOT NULL,
  `food_id` int(50) UNSIGNED NOT NULL,
  `size` enum('Medium','Large') NOT NULL,
  `price` decimal(10,2) NOT NULL,
  `quantity` int(11) NOT NULL DEFAULT 1,
  `created_at` timestamp NOT NULL DEFAULT current_timestamp(),
  `updated_at` timestamp NOT NULL DEFAULT current_timestamp() ON UPDATE current_timestamp(),
  `addons` varchar(100) NOT NULL
) ENGINE=InnoDB DEFAULT CHARSET=utf8mb4 COLLATE=utf8mb4_general_ci;

-- --------------------------------------------------------

--
-- Table structure for table `category`
--

CREATE TABLE `category` (
  `id` int(50) UNSIGNED NOT NULL,
  `title` varchar(100) NOT NULL,
  `image_url` varchar(255) NOT NULL,
  `active` varchar(255) NOT NULL DEFAULT 'true',
  `featured` varchar(255) NOT NULL DEFAULT 'false'
) ENGINE=InnoDB DEFAULT CHARSET=utf8mb4 COLLATE=utf8mb4_general_ci;

--
-- Dumping data for table `category`
--

INSERT INTO `category` (`id`, `title`, `image_url`, `active`, `featured`) VALUES
(1, 'Coffee', 'image/expresso.png', 'true', 'false'),
(2, 'Milktea', 'image/milktea.png', 'true', 'false'),
(3, 'Fruit-tea', 'image/fruit.png', 'true', 'false'),
(4, 'Premium Cheesecake Milktea', 'image/milktea.png', 'true', 'false'),
(5, 'Non Coffee', 'image/milktea.png', 'true', 'false'),
(7, 'taengkambing', 'taengkambing.png', 'true', 'false'),
(26, 'zero', 'image_url_1725085405582.jpg', 'true', 'false');

-- --------------------------------------------------------

--
-- Table structure for table `cms`
--

CREATE TABLE `cms` (
  `id` int(11) NOT NULL,
  `Title` varchar(255) NOT NULL,
  `About us` text NOT NULL,
  `Location` varchar(255) NOT NULL,
  `Tel.no` varchar(100) NOT NULL,
  `Mob.no` varchar(100) NOT NULL,
  `facebook` varchar(255) NOT NULL,
  `instagram` varchar(255) NOT NULL,
  `link` varchar(255) NOT NULL,
  `faq_id` int(10) UNSIGNED NOT NULL,
  `operation_hours` varchar(255) NOT NULL,
  `operation_date` varchar(100) NOT NULL
) ENGINE=InnoDB DEFAULT CHARSET=utf8mb4 COLLATE=utf8mb4_general_ci;

-- --------------------------------------------------------

--
-- Table structure for table `cms_pages`
--

CREATE TABLE `cms_pages` (
  `id` int(10) UNSIGNED NOT NULL,
  `title` varchar(255) NOT NULL,
  `content` longtext NOT NULL,
  `created_at` timestamp NOT NULL DEFAULT current_timestamp(),
  `updated_at` timestamp NOT NULL DEFAULT current_timestamp() ON UPDATE current_timestamp(),
  `category` varchar(100) NOT NULL
) ENGINE=InnoDB DEFAULT CHARSET=utf8mb4 COLLATE=utf8mb4_general_ci;

--
-- Dumping data for table `cms_pages`
--

INSERT INTO `cms_pages` (`id`, `title`, `content`, `created_at`, `updated_at`, `category`) VALUES
(1, 'Business Name', 'Jayd\'s Cafe', '2024-08-26 03:24:36', '2024-08-31 06:36:10', 'Header'),
(2, 'About Us', 'Kame ang Jayd\'z Cafe', '2024-08-26 03:24:51', '2024-08-30 22:57:06', 'About Us'),
(3, 'Location', 'SABANG', '2024-08-26 03:25:00', '2024-08-30 22:57:10', 'About Us'),
(4, 'Facebook', 'https://www.facebook.com/chard.cardosa/', '2024-08-26 08:18:13', '2024-08-30 22:55:31', 'footer'),
(5, 'Instagram', 'https://www.instagram.com/chardgrey/', '2024-08-26 08:20:23', '2024-08-30 22:55:36', 'footer'),
(6, 'Link', 'https://github.com/chardgrey', '2024-08-26 08:22:07', '2024-08-30 22:55:40', 'footer'),
(7, 'Phone Number', '099922292992', '2024-08-26 08:32:30', '2024-08-30 22:55:59', 'contact'),
(8, 'Tel Number', '83928988', '2024-08-26 08:33:35', '2024-08-30 22:56:03', 'contact'),
(9, 'Small Logo', '/images/jaydsCoffee2.svg', '2024-08-31 05:41:38', '2024-09-15 02:19:42', 'image'),
(10, 'Big Logo', '/images/jaydsCoffee.svg', '2024-08-31 12:59:23', '2024-09-15 02:19:37', 'image'),
(11, 'Milktea Price', '39 to 49 Pesos', '2024-08-31 23:20:15', '2024-08-31 23:20:15', 'Price'),
(12, 'Coffee Price', '49 to 69 Pesos', '2024-08-31 23:20:38', '2024-08-31 23:20:38', 'Price'),
(13, 'Snack Price', '39 to 59 Pesos', '2024-08-31 23:21:02', '2024-08-31 23:21:02', 'Price'),
(14, 'Store Image', '/images/content_1725147459433.png', '2024-08-31 23:32:07', '2024-08-31 23:37:39', 'image'),
(15, 'Operation hours', '10:00AM - 9:00PM', '2024-08-31 23:43:38', '2024-08-31 23:43:38', 'About Us'),
(16, 'Operation days', 'Monday - Sunday', '2024-08-31 23:44:02', '2024-08-31 23:44:02', 'About Us');

-- --------------------------------------------------------

--
-- Table structure for table `faq_cms`
--

CREATE TABLE `faq_cms` (
  `id` int(10) UNSIGNED NOT NULL,
  `Question` varchar(255) NOT NULL,
  `Answer` varchar(255) NOT NULL
) ENGINE=InnoDB DEFAULT CHARSET=utf8mb4 COLLATE=utf8mb4_general_ci;

-- --------------------------------------------------------

--
-- Table structure for table `foods`
--

CREATE TABLE `foods` (
  `id` int(50) UNSIGNED NOT NULL,
  `name` varchar(255) NOT NULL,
  `description` text NOT NULL,
  `image_url` varchar(255) NOT NULL,
  `category_id` int(50) UNSIGNED NOT NULL,
  `visible` tinyint(1) NOT NULL DEFAULT 1
) ENGINE=InnoDB DEFAULT CHARSET=utf8mb4 COLLATE=utf8mb4_general_ci;

--
-- Dumping data for table `foods`
--

INSERT INTO `foods` (`id`, `name`, `description`, `image_url`, `category_id`, `visible`) VALUES
(17, 'Vanilla', 'lorem ipsum', 'image_url_1725069960966.jpg', 1, 1),
(18, 'Caramel', 'lorem ipsum', 'images/americano.png', 1, 1),
(19, 'Hazelnut', 'lorem ipsum', 'images/americano.png', 1, 1),
(20, 'Butterscotch', 'lorem ipsum', 'images/americano.png', 1, 1),
(21, 'Mocha', 'lorem ipsum', 'images/americano.png', 1, 1),
(22, 'Salted Caramel', 'lorem ipsum', 'images/americano.png', 1, 1),
(23, 'White Chocolate', 'lorem ipsum', 'images/americano.png', 1, 1),
(24, 'Almond', 'lorem ipsum', 'images/americano.png', 1, 1),
(25, 'Winter Melon', 'lorem ipsum', 'images/americano.png', 2, 1),
(26, 'Okinawa', 'lorem ipsum', 'images/americano.png', 2, 1),
(27, 'Hokkaido', 'lorem ipsum', 'images/americano.png', 2, 1),
(28, 'Cookies & Cream', 'lorem ipsum', 'images/americano.png', 2, 1),
(29, 'Caramel', 'lorem ipsum', 'images/americano.png', 2, 1),
(30, 'Brown Sugar', 'lorem ipsum', 'images/americano.png', 2, 1),
(31, 'Taro', 'lorem ipsum', 'images/americano.png', 2, 1),
(32, 'Classic Milktea', 'lorem ipsum', 'images/americano.png', 2, 1),
(33, 'Red Velvet', 'lorem ipsum', 'images/americano.png', 2, 1),
(34, 'Matcha', 'lorem ipsum', 'images/americano.png', 2, 1),
(35, 'Dark Chocolate', 'lorem ipsum', 'images/americano.png', 2, 1),
(36, 'Lychee', 'lorem ipsum', 'images/americano.png', 3, 1),
(37, 'Mixed Berries', 'lorem ipsum', 'images/americano.png', 3, 1),
(38, 'Green Apple', 'lorem ipsum', 'images/americano.png', 3, 1),
(39, 'Strawberry', 'lorem ipsum', 'images/americano.png', 3, 1),
(40, 'Blueberry', 'lorem ipsum', 'images/americano.png', 3, 1),
(41, 'Passionfruit', 'lorem ipsum', 'images/americano.png', 3, 1),
(42, 'Melon', 'lorem ipsum', 'images/americano.png', 3, 1),
(43, 'Mango', 'lorem ipsum', 'images/americano.png', 3, 1),
(44, 'Matcha Latte', 'lorem ipsum', 'images/americano.png', 5, 1),
(45, 'Strawberry Milk', 'lorem ipsum', 'images/americano.png', 5, 1),
(46, 'Taro Milk', 'lorem ipsum', 'images/americano.png', 5, 1),
(47, 'Melon Milk', 'lorem ipsum', 'images/americano.png', 5, 1),
(48, 'Chocolate Milk', 'lorem ipsum', 'images/americano.png', 5, 1),
(49, 'Matcha Latte', 'lorem ipsum', 'images/americano.png', 5, 1),
(50, 'Strawberry Milk', 'lorem ipsum', 'images/americano.png', 5, 1),
(51, 'Taro Milk', 'lorem ipsum', 'images/americano.png', 5, 1),
(52, 'Melon Milk', 'lorem ipsum', 'images/americano.png', 5, 1),
(53, 'Chocolate Milk', 'lorem ipsum', 'images/americano.png', 5, 1),
(54, 'Pearl Milktea Cheesecake', 'lorem ipsum', 'images/americano.png', 4, 1),
(55, 'Wintermelon Cheesecake', 'lorem ipsum', 'images/americano.png', 4, 1),
(56, 'Red Velvet Cheesecake', 'lorem ipsum', 'images/americano.png', 4, 1),
(57, 'Matcha Cheesecake', 'lorem ipsum', 'images/americano.png', 4, 1),
(58, 'Dark Chocolate Cheesecake', 'lorem ipsum', 'images/americano.png', 4, 1),
(59, 'Strawberry Cheesecake', 'lorem ipsum', 'images/americano.png', 4, 1),
(79, 'ice cream', 'ice cream', 'ice cream', 4, 1),
(82, 'taengkambing', 'taengkambing', 'taengkambing', 1, 1),
(104, 'tanginatalaga', 'tanginatalaga', '/images/americano.png', 1, 1),
(109, 'test', 'test', '/images/image_url_1726386182356.png', 3, 1);

-- --------------------------------------------------------

--
-- Table structure for table `food_sizes`
--

CREATE TABLE `food_sizes` (
  `id` int(11) NOT NULL,
  `food_id` int(50) UNSIGNED DEFAULT NULL,
  `size` enum('small','medium','large') NOT NULL,
  `price` decimal(10,2) NOT NULL,
  `date_created` timestamp NOT NULL DEFAULT current_timestamp(),
  `date_update` timestamp NOT NULL DEFAULT current_timestamp() ON UPDATE current_timestamp()
) ENGINE=InnoDB DEFAULT CHARSET=utf8mb4 COLLATE=utf8mb4_general_ci;

--
-- Dumping data for table `food_sizes`
--

INSERT INTO `food_sizes` (`id`, `food_id`, `size`, `price`, `date_created`, `date_update`) VALUES
(1, 17, 'medium', 49.00, '2024-08-31 15:17:30', '2024-08-31 15:18:07'),
(2, 17, 'large', 59.00, '2024-08-31 15:17:30', '2024-08-31 15:18:07'),
(3, 18, 'medium', 49.00, '2024-08-31 15:17:30', '2024-08-31 15:18:07'),
(4, 18, 'large', 59.00, '2024-08-31 15:17:30', '2024-08-31 15:18:07'),
(5, 19, 'medium', 49.00, '2024-08-31 15:17:30', '2024-08-31 15:18:07'),
(6, 19, 'large', 59.00, '2024-08-31 15:17:30', '2024-08-31 15:18:07'),
(7, 20, 'medium', 49.00, '2024-08-31 15:17:30', '2024-08-31 15:18:07'),
(8, 20, 'large', 59.00, '2024-08-31 15:17:30', '2024-08-31 15:18:07'),
(9, 21, 'medium', 49.00, '2024-08-31 15:17:30', '2024-08-31 15:18:07'),
(10, 21, 'large', 59.00, '2024-08-31 15:17:30', '2024-08-31 15:18:07'),
(11, 22, 'medium', 49.00, '2024-08-31 15:17:30', '2024-08-31 15:18:07'),
(12, 23, 'large', 59.00, '2024-08-31 15:17:30', '2024-08-31 15:18:07'),
(13, 24, 'medium', 49.00, '2024-08-31 15:17:30', '2024-08-31 15:18:07'),
(14, 24, 'large', 59.00, '2024-08-31 15:17:30', '2024-08-31 15:18:07'),
(15, 25, 'medium', 39.00, '2024-08-31 15:17:30', '2024-08-31 15:18:07'),
(16, 25, 'large', 49.00, '2024-08-31 15:17:30', '2024-08-31 15:18:07'),
(17, 26, 'medium', 39.00, '2024-08-31 15:17:30', '2024-08-31 15:18:07'),
(18, 26, 'large', 49.00, '2024-08-31 15:17:30', '2024-08-31 15:18:07'),
(19, 27, 'medium', 39.00, '2024-08-31 15:17:30', '2024-08-31 15:18:07'),
(20, 27, 'large', 49.00, '2024-08-31 15:17:30', '2024-08-31 15:18:07'),
(21, 28, 'medium', 39.00, '2024-08-31 15:17:30', '2024-08-31 15:18:07'),
(22, 28, 'large', 49.00, '2024-08-31 15:17:30', '2024-08-31 15:18:07'),
(23, 29, 'medium', 39.00, '2024-08-31 15:17:30', '2024-08-31 15:18:07'),
(24, 29, 'large', 49.00, '2024-08-31 15:17:30', '2024-08-31 15:18:07'),
(25, 30, 'medium', 39.00, '2024-08-31 15:17:30', '2024-08-31 15:18:07'),
(26, 30, 'large', 49.00, '2024-08-31 15:17:30', '2024-08-31 15:18:07'),
(27, 31, 'medium', 39.00, '2024-08-31 15:17:30', '2024-08-31 15:18:07'),
(28, 31, 'large', 49.00, '2024-08-31 15:17:30', '2024-08-31 15:18:07'),
(29, 32, 'medium', 39.00, '2024-08-31 15:17:30', '2024-08-31 15:18:07'),
(30, 32, 'large', 49.00, '2024-08-31 15:17:30', '2024-08-31 15:18:07'),
(31, 33, 'medium', 39.00, '2024-08-31 15:17:30', '2024-08-31 15:18:07'),
(32, 33, 'large', 49.00, '2024-08-31 15:17:30', '2024-08-31 15:18:07'),
(33, 34, 'medium', 39.00, '2024-08-31 15:17:30', '2024-08-31 15:18:07'),
(34, 34, 'large', 49.00, '2024-08-31 15:17:30', '2024-08-31 15:18:07'),
(35, 35, 'medium', 39.00, '2024-08-31 15:17:30', '2024-08-31 15:18:07'),
(36, 35, 'large', 49.00, '2024-08-31 15:17:30', '2024-08-31 15:18:07'),
(37, 36, 'medium', 49.00, '2024-08-31 15:17:30', '2024-08-31 15:18:07'),
(38, 36, 'large', 59.00, '2024-08-31 15:17:30', '2024-08-31 15:18:07'),
(39, 37, 'medium', 49.00, '2024-08-31 15:17:30', '2024-08-31 15:18:07'),
(40, 37, 'large', 59.00, '2024-08-31 15:17:30', '2024-08-31 15:18:07'),
(41, 38, 'medium', 49.00, '2024-08-31 15:17:30', '2024-08-31 15:18:07'),
(42, 38, 'large', 59.00, '2024-08-31 15:17:30', '2024-08-31 15:18:07'),
(43, 39, 'medium', 49.00, '2024-08-31 15:17:30', '2024-08-31 15:18:07'),
(44, 39, 'large', 59.00, '2024-08-31 15:17:30', '2024-08-31 15:18:07'),
(45, 40, 'medium', 49.00, '2024-08-31 15:17:30', '2024-08-31 15:18:07'),
(46, 40, 'large', 59.00, '2024-08-31 15:17:30', '2024-08-31 15:18:07'),
(47, 41, 'medium', 49.00, '2024-08-31 15:17:30', '2024-08-31 15:18:07'),
(48, 41, 'large', 59.00, '2024-08-31 15:17:30', '2024-08-31 15:18:07'),
(49, 42, 'medium', 49.00, '2024-08-31 15:17:30', '2024-08-31 15:18:07'),
(50, 42, 'large', 59.00, '2024-08-31 15:17:30', '2024-08-31 15:18:07'),
(51, 43, 'medium', 49.00, '2024-08-31 15:17:30', '2024-08-31 15:18:07'),
(52, 43, 'large', 59.00, '2024-08-31 15:17:30', '2024-08-31 15:18:07'),
(85, 44, 'medium', 59.00, '2024-08-31 15:17:30', '2024-08-31 15:18:07'),
(86, 44, 'large', 69.00, '2024-08-31 15:17:30', '2024-08-31 15:18:07'),
(87, 45, 'medium', 59.00, '2024-08-31 15:17:30', '2024-08-31 15:18:07'),
(88, 45, 'large', 69.00, '2024-08-31 15:17:30', '2024-08-31 15:18:07'),
(89, 46, 'medium', 59.00, '2024-08-31 15:17:30', '2024-08-31 15:18:07'),
(90, 46, 'large', 69.00, '2024-08-31 15:17:30', '2024-08-31 15:18:07'),
(91, 47, 'medium', 59.00, '2024-08-31 15:17:30', '2024-08-31 15:18:07'),
(92, 47, 'large', 69.00, '2024-08-31 15:17:30', '2024-08-31 15:18:07'),
(93, 48, 'medium', 59.00, '2024-08-31 15:17:30', '2024-08-31 15:18:07'),
(94, 48, 'large', 69.00, '2024-08-31 15:17:30', '2024-08-31 15:18:07'),
(95, 49, 'medium', 59.00, '2024-08-31 15:17:30', '2024-08-31 15:18:07'),
(96, 49, 'large', 69.00, '2024-08-31 15:17:30', '2024-08-31 15:18:07'),
(97, 50, 'medium', 59.00, '2024-08-31 15:17:30', '2024-08-31 15:18:07'),
(98, 50, 'large', 69.00, '2024-08-31 15:17:30', '2024-08-31 15:18:07'),
(99, 51, 'medium', 59.00, '2024-08-31 15:17:30', '2024-08-31 15:18:07'),
(100, 51, 'large', 69.00, '2024-08-31 15:17:30', '2024-08-31 15:18:07'),
(101, 52, 'medium', 59.00, '2024-08-31 15:17:30', '2024-08-31 15:18:07'),
(102, 52, 'large', 69.00, '2024-08-31 15:17:30', '2024-08-31 15:18:07'),
(103, 53, 'medium', 59.00, '2024-08-31 15:17:30', '2024-08-31 15:18:07'),
(104, 53, 'large', 69.00, '2024-08-31 15:17:30', '2024-08-31 15:18:07'),
(105, 54, 'medium', 59.00, '2024-08-31 15:17:30', '2024-08-31 15:18:07'),
(106, 54, 'large', 69.00, '2024-08-31 15:17:30', '2024-08-31 15:18:07'),
(107, 55, 'medium', 59.00, '2024-08-31 15:17:30', '2024-08-31 15:18:07'),
(108, 55, 'large', 69.00, '2024-08-31 15:17:30', '2024-08-31 15:18:07'),
(109, 56, 'medium', 59.00, '2024-08-31 15:17:30', '2024-08-31 15:18:07'),
(110, 56, 'large', 69.00, '2024-08-31 15:17:30', '2024-08-31 15:18:07'),
(111, 57, 'medium', 59.00, '2024-08-31 15:17:30', '2024-08-31 15:18:07'),
(112, 57, 'large', 69.00, '2024-08-31 15:17:30', '2024-08-31 15:18:07'),
(113, 58, 'medium', 59.00, '2024-08-31 15:17:30', '2024-08-31 15:18:07'),
(114, 58, 'large', 69.00, '2024-08-31 15:17:30', '2024-08-31 15:18:07'),
(115, 59, 'medium', 59.00, '2024-08-31 15:17:30', '2024-08-31 15:18:07'),
(117, 23, 'medium', 49.00, '2024-08-31 15:17:30', '2024-08-31 15:18:07'),
(118, 22, 'large', 59.00, '2024-08-31 15:17:30', '2024-08-31 15:18:07'),
(134, 79, 'medium', 67.00, '2024-08-31 15:17:30', '2024-08-31 15:18:07'),
(135, 79, 'large', 69.00, '2024-08-31 15:17:30', '2024-08-31 15:18:07'),
(140, 82, 'medium', 299.00, '2024-08-31 15:17:30', '2024-08-31 15:18:07'),
(141, 82, 'large', 1000.00, '2024-08-31 15:17:30', '2024-08-31 15:18:07'),
(149, 17, '', 6969.00, '2024-08-31 15:37:30', '2024-08-31 15:37:30'),
(168, 104, 'medium', 0.00, '2024-09-15 07:17:58', '2024-09-15 07:17:58'),
(173, 109, 'medium', 0.00, '2024-09-15 07:43:02', '2024-09-15 07:43:02');

-- --------------------------------------------------------

--
-- Table structure for table `orders`
--

CREATE TABLE `orders` (
  `order_id` int(100) UNSIGNED NOT NULL,
  `customer_id` int(100) UNSIGNED NOT NULL,
  `order_date` timestamp NOT NULL DEFAULT current_timestamp(),
  `status` enum('paid','pending','completed','cancelled','') NOT NULL,
  `totalPrice` int(11) NOT NULL
) ENGINE=InnoDB DEFAULT CHARSET=utf8mb4 COLLATE=utf8mb4_general_ci;

--
-- Dumping data for table `orders`
--

INSERT INTO `orders` (`order_id`, `customer_id`, `order_date`, `status`, `totalPrice`) VALUES
(60, 31, '2024-09-18 19:15:30', 'paid', 187),
(61, 31, '2024-09-19 02:19:07', 'paid', 0),
(62, 31, '2024-09-19 14:06:00', 'paid', 562),
(63, 31, '2024-09-19 14:06:03', 'paid', 562),
(64, 31, '2024-09-19 14:06:09', 'paid', 562),
(65, 31, '2024-09-19 14:06:09', 'paid', 562),
(66, 31, '2024-09-19 14:06:09', 'paid', 562),
(67, 31, '2024-09-19 14:06:09', 'paid', 562),
(68, 31, '2024-09-19 14:06:09', 'paid', 562),
(69, 31, '2024-09-19 14:06:09', 'paid', 562),
(70, 31, '2024-09-19 14:06:09', 'paid', 562),
(71, 31, '2024-09-19 14:06:09', 'paid', 562),
(72, 31, '2024-09-19 14:06:09', 'paid', 562),
(73, 31, '2024-09-19 14:06:09', 'paid', 562),
(74, 31, '2024-09-19 14:06:09', 'paid', 562),
(75, 31, '2024-09-19 14:06:09', 'paid', 562),
(76, 31, '2024-09-19 14:06:09', 'paid', 562),
(77, 31, '2024-09-19 14:06:09', 'paid', 562),
(78, 31, '2024-09-19 14:06:09', 'paid', 562),
(79, 31, '2024-09-19 14:06:09', 'paid', 562),
(80, 31, '2024-09-19 14:06:09', 'paid', 562),
(81, 31, '2024-09-19 14:06:09', 'paid', 562),
(82, 31, '2024-09-19 14:06:09', 'paid', 562),
(83, 31, '2024-09-19 14:06:09', 'paid', 562),
(84, 31, '2024-09-19 14:06:09', 'paid', 562),
(85, 31, '2024-09-19 14:06:09', 'paid', 562),
(86, 31, '2024-09-19 14:06:09', 'paid', 562),
(87, 31, '2024-09-19 14:06:09', 'paid', 562),
(88, 31, '2024-09-19 14:06:09', 'paid', 562),
(89, 31, '2024-09-19 14:06:09', 'paid', 562),
(90, 31, '2024-09-19 14:06:09', 'paid', 562),
(91, 31, '2024-09-19 14:06:09', 'paid', 562),
(92, 31, '2024-09-19 14:06:09', 'paid', 562),
(93, 31, '2024-09-19 14:06:09', 'paid', 562),
(94, 31, '2024-09-19 14:06:09', 'paid', 562),
(95, 31, '2024-09-19 14:06:09', 'paid', 562),
(96, 31, '2024-09-19 14:06:09', 'paid', 562),
(97, 31, '2024-09-19 14:06:09', 'paid', 562),
(98, 31, '2024-09-19 14:06:09', 'paid', 562),
(99, 31, '2024-09-19 14:06:09', 'paid', 562),
(100, 31, '2024-09-19 14:06:09', 'paid', 562),
(101, 31, '2024-09-19 14:06:09', 'paid', 562),
(102, 31, '2024-09-19 14:06:09', 'paid', 562),
(103, 31, '2024-09-19 14:06:09', 'paid', 562),
(104, 31, '2024-09-19 14:06:09', 'paid', 562),
(105, 31, '2024-09-19 14:06:09', 'paid', 562),
(106, 31, '2024-09-19 14:06:09', 'paid', 562),
(107, 31, '2024-09-19 14:06:09', 'paid', 562),
(108, 31, '2024-09-19 14:06:09', 'paid', 562),
(109, 31, '2024-09-19 14:06:09', 'paid', 562),
(110, 31, '2024-09-19 14:06:09', 'paid', 562),
(111, 31, '2024-09-19 14:06:09', 'paid', 562),
(112, 31, '2024-09-19 14:06:09', 'paid', 562),
(113, 31, '2024-09-19 14:06:09', 'paid', 562),
(114, 31, '2024-09-19 14:06:09', 'paid', 562),
(115, 31, '2024-09-19 14:06:09', 'paid', 562),
(116, 31, '2024-09-19 14:06:09', 'paid', 562),
(117, 31, '2024-09-19 14:06:09', 'paid', 562),
(118, 31, '2024-09-19 14:06:09', 'paid', 562),
(119, 31, '2024-09-19 14:06:09', 'paid', 562),
(120, 31, '2024-09-19 14:06:09', 'paid', 562),
(121, 31, '2024-09-19 14:06:09', 'paid', 562),
(122, 31, '2024-09-19 14:06:09', 'paid', 562),
(123, 31, '2024-09-19 14:06:09', 'paid', 562),
(124, 31, '2024-09-19 14:06:09', 'paid', 562),
(125, 31, '2024-09-19 14:06:09', 'paid', 562),
(126, 31, '2024-09-19 14:06:09', 'paid', 562),
(127, 31, '2024-09-19 14:06:09', 'paid', 562),
(128, 31, '2024-09-19 14:06:09', 'paid', 562),
(129, 31, '2024-09-19 14:06:09', 'paid', 562),
(130, 31, '2024-09-19 14:06:09', 'paid', 562),
(131, 31, '2024-09-19 14:06:09', 'paid', 562),
(132, 31, '2024-09-19 14:06:09', 'paid', 562),
(133, 31, '2024-09-19 14:06:09', 'paid', 562),
(134, 31, '2024-09-19 14:06:09', 'paid', 562),
(135, 31, '2024-09-19 14:06:09', 'paid', 562),
(136, 31, '2024-09-19 14:06:09', 'paid', 562),
(137, 31, '2024-09-19 14:06:09', 'paid', 562),
(138, 31, '2024-09-19 14:06:09', 'paid', 562),
(139, 31, '2024-09-19 14:06:09', 'paid', 562),
(140, 31, '2024-09-19 14:06:09', 'paid', 562),
(141, 31, '2024-09-19 14:06:09', 'paid', 562),
(142, 31, '2024-09-19 14:06:09', 'paid', 562),
(143, 31, '2024-09-19 14:06:09', 'paid', 562),
(144, 31, '2024-09-19 14:06:10', 'paid', 562),
(145, 31, '2024-09-19 14:06:10', 'paid', 562),
(146, 31, '2024-09-19 14:06:10', 'paid', 562),
(147, 31, '2024-09-19 14:06:10', 'paid', 562),
(148, 31, '2024-09-19 14:06:10', 'paid', 562),
(149, 31, '2024-09-19 14:06:10', 'paid', 562),
(150, 31, '2024-09-19 14:06:10', 'paid', 562),
(151, 31, '2024-09-19 14:06:10', 'paid', 562),
(152, 31, '2024-09-19 14:06:10', 'paid', 562),
(153, 31, '2024-09-19 14:06:10', 'paid', 562),
(154, 31, '2024-09-19 14:06:10', 'paid', 562),
(155, 31, '2024-09-19 14:06:10', 'paid', 562),
(156, 31, '2024-09-19 14:06:10', 'paid', 562),
(157, 31, '2024-09-19 14:06:10', 'paid', 562),
(158, 31, '2024-09-19 14:06:10', 'paid', 562),
(159, 31, '2024-09-19 14:06:10', 'paid', 562),
(160, 31, '2024-09-19 14:06:10', 'paid', 562),
(161, 31, '2024-09-19 14:06:10', 'paid', 562),
(162, 31, '2024-09-19 14:06:10', 'paid', 562),
(163, 31, '2024-09-19 14:06:10', 'paid', 562),
(164, 31, '2024-09-19 14:06:10', 'paid', 562),
(165, 31, '2024-09-19 14:06:10', 'paid', 562),
(166, 31, '2024-09-19 14:06:10', 'paid', 562),
(167, 31, '2024-09-19 14:06:10', 'paid', 562),
(168, 31, '2024-09-19 14:06:10', 'paid', 562),
(169, 31, '2024-09-19 14:06:10', 'paid', 562),
(170, 31, '2024-09-19 14:06:10', 'paid', 562),
(171, 31, '2024-09-19 14:06:10', 'paid', 562),
(172, 31, '2024-09-19 14:06:10', 'paid', 562),
(173, 31, '2024-09-19 14:06:10', 'paid', 562),
(174, 31, '2024-09-19 14:06:10', 'paid', 562),
(175, 31, '2024-09-19 14:06:10', 'paid', 562),
(176, 31, '2024-09-19 14:06:10', 'paid', 562),
(177, 31, '2024-09-19 14:06:10', 'paid', 562),
(178, 31, '2024-09-19 14:06:10', 'paid', 562),
(179, 31, '2024-09-19 14:06:10', 'paid', 562),
(180, 31, '2024-09-19 14:06:10', 'paid', 562),
(181, 31, '2024-09-19 14:06:10', 'paid', 562),
(182, 31, '2024-09-19 14:06:10', 'paid', 562),
(183, 31, '2024-09-19 14:06:10', 'paid', 562),
(184, 31, '2024-09-19 14:06:10', 'paid', 562),
(185, 31, '2024-09-19 14:06:10', 'paid', 562),
(186, 31, '2024-09-19 14:06:10', 'paid', 562),
(187, 31, '2024-09-19 14:06:10', 'paid', 562),
(188, 31, '2024-09-19 14:06:10', 'paid', 562),
(189, 31, '2024-09-19 14:06:10', 'paid', 562),
(190, 31, '2024-09-19 14:06:10', 'paid', 562),
(191, 31, '2024-09-19 14:06:10', 'paid', 562),
(192, 31, '2024-09-19 14:06:10', 'paid', 562),
(193, 31, '2024-09-19 14:06:10', 'paid', 562),
(194, 31, '2024-09-19 14:06:10', 'paid', 562),
(195, 31, '2024-09-19 14:06:10', 'paid', 562),
(196, 31, '2024-09-19 14:06:10', 'paid', 562),
(197, 31, '2024-09-19 14:06:10', 'paid', 562),
(198, 31, '2024-09-19 14:06:10', 'paid', 562),
(199, 31, '2024-09-19 14:06:10', 'paid', 562),
(200, 31, '2024-09-19 14:06:10', 'paid', 562),
(201, 31, '2024-09-19 14:06:10', 'paid', 562),
(202, 31, '2024-09-19 14:06:10', 'paid', 562),
(203, 31, '2024-09-19 14:06:10', 'paid', 562),
(204, 31, '2024-09-19 14:06:10', 'paid', 562),
(205, 31, '2024-09-19 14:06:10', 'paid', 562),
(206, 31, '2024-09-19 14:06:10', 'paid', 562),
(207, 31, '2024-09-19 14:06:10', 'paid', 562),
(208, 31, '2024-09-19 14:06:10', 'paid', 562),
(209, 31, '2024-09-19 14:06:10', 'paid', 562),
(210, 31, '2024-09-19 14:06:10', 'paid', 562),
(211, 31, '2024-09-19 14:06:10', 'paid', 562),
(212, 31, '2024-09-19 14:06:10', 'paid', 562),
(213, 31, '2024-09-19 14:06:10', 'paid', 562),
(214, 31, '2024-09-19 14:06:10', 'paid', 562),
(215, 31, '2024-09-19 14:06:10', 'paid', 562),
(216, 31, '2024-09-19 14:06:10', 'paid', 562),
(217, 31, '2024-09-19 14:06:10', 'paid', 562),
(218, 31, '2024-09-19 14:06:10', 'paid', 562),
(219, 31, '2024-09-19 14:06:10', 'paid', 562),
(220, 31, '2024-09-19 14:06:10', 'paid', 562),
(221, 31, '2024-09-19 14:06:10', 'paid', 562),
(222, 31, '2024-09-19 14:06:10', 'paid', 562),
(223, 31, '2024-09-19 14:06:10', 'paid', 562),
(224, 31, '2024-09-19 14:06:10', 'paid', 562),
(225, 31, '2024-09-19 14:06:10', 'paid', 562),
(226, 31, '2024-09-19 14:06:10', 'paid', 562),
(227, 31, '2024-09-19 14:06:10', 'paid', 562),
(228, 31, '2024-09-19 14:06:10', 'paid', 562),
(229, 31, '2024-09-19 14:06:10', 'paid', 562),
(230, 31, '2024-09-19 14:06:10', 'paid', 562),
(231, 31, '2024-09-19 14:06:10', 'paid', 562),
(232, 31, '2024-09-19 14:06:10', 'paid', 562),
(233, 31, '2024-09-19 14:06:10', 'paid', 562),
(234, 31, '2024-09-19 14:06:10', 'paid', 562),
(235, 31, '2024-09-19 14:06:10', 'paid', 562),
(236, 31, '2024-09-19 14:06:10', 'paid', 562),
(237, 31, '2024-09-19 14:06:10', 'paid', 562),
(238, 31, '2024-09-19 14:06:10', 'paid', 562),
(239, 31, '2024-09-19 14:06:10', 'paid', 562),
(240, 31, '2024-09-19 14:06:10', 'paid', 562),
(241, 31, '2024-09-19 14:06:10', 'paid', 562),
(242, 31, '2024-09-19 14:06:10', 'paid', 562),
(243, 31, '2024-09-19 14:06:10', 'paid', 562),
(244, 31, '2024-09-19 14:06:10', 'paid', 562),
(245, 31, '2024-09-19 14:06:10', 'paid', 562),
(246, 31, '2024-09-19 14:06:10', 'paid', 562),
(247, 31, '2024-09-19 14:06:10', 'paid', 562),
(248, 31, '2024-09-19 14:06:10', 'paid', 562),
(249, 31, '2024-09-19 14:06:10', 'paid', 562),
(250, 31, '2024-09-19 14:06:10', 'paid', 562),
(251, 31, '2024-09-19 14:06:10', 'paid', 562),
(252, 31, '2024-09-19 14:06:10', 'paid', 562),
(253, 31, '2024-09-19 14:06:10', 'paid', 562),
(254, 31, '2024-09-19 14:06:10', 'paid', 562),
(255, 31, '2024-09-19 14:06:10', 'paid', 562),
(256, 31, '2024-09-19 14:06:10', 'paid', 562),
(257, 31, '2024-09-19 14:06:10', 'paid', 562),
(258, 31, '2024-09-19 14:06:10', 'paid', 562),
(259, 31, '2024-09-19 14:06:10', 'paid', 562),
(260, 31, '2024-09-19 14:06:10', 'paid', 562),
(261, 31, '2024-09-19 14:06:10', 'paid', 562),
(262, 31, '2024-09-19 14:06:10', 'paid', 562),
(263, 31, '2024-09-19 14:06:10', 'paid', 562),
(264, 31, '2024-09-19 14:06:10', 'paid', 562),
(265, 31, '2024-09-19 14:06:10', 'paid', 562),
(266, 31, '2024-09-19 14:06:10', 'paid', 562),
(267, 31, '2024-09-19 14:06:10', 'paid', 562),
(268, 31, '2024-09-19 14:06:10', 'paid', 562),
(269, 31, '2024-09-19 14:06:10', 'paid', 562),
(270, 31, '2024-09-19 14:06:10', 'paid', 562),
(271, 31, '2024-09-19 14:06:10', 'paid', 562),
(272, 31, '2024-09-19 14:06:10', 'paid', 562),
(273, 31, '2024-09-19 14:06:10', 'paid', 562),
(274, 31, '2024-09-19 14:06:10', 'paid', 562),
(275, 31, '2024-09-19 14:06:10', 'paid', 562),
(276, 31, '2024-09-19 14:06:10', 'paid', 562),
(277, 31, '2024-09-19 14:06:10', 'paid', 562),
(278, 31, '2024-09-19 14:06:10', 'paid', 562),
(279, 31, '2024-09-19 14:06:10', 'paid', 562),
(280, 31, '2024-09-19 14:06:10', 'paid', 562),
(281, 31, '2024-09-19 14:06:10', 'paid', 562),
(282, 31, '2024-09-19 14:06:10', 'paid', 562),
(283, 31, '2024-09-19 14:06:10', 'paid', 562),
(284, 31, '2024-09-19 14:06:10', 'paid', 562),
(285, 31, '2024-09-19 14:06:10', 'paid', 562),
(286, 31, '2024-09-19 14:06:10', 'paid', 562),
(287, 31, '2024-09-19 14:06:10', 'paid', 562),
(288, 31, '2024-09-19 14:06:10', 'paid', 562),
(289, 31, '2024-09-19 14:06:10', 'paid', 562),
(290, 31, '2024-09-19 14:06:10', 'paid', 562),
(291, 31, '2024-09-19 14:06:10', 'paid', 562),
(292, 31, '2024-09-19 14:06:10', 'paid', 562),
(293, 31, '2024-09-19 14:06:10', 'paid', 562),
(294, 31, '2024-09-19 14:06:10', 'paid', 562),
(295, 31, '2024-09-19 14:06:10', 'paid', 562),
(296, 31, '2024-09-19 14:06:10', 'paid', 562),
(297, 31, '2024-09-19 14:06:10', 'paid', 562),
(298, 31, '2024-09-19 14:06:10', 'paid', 562),
(299, 31, '2024-09-19 14:06:10', 'paid', 562),
(300, 31, '2024-09-19 14:06:10', 'paid', 562),
(301, 31, '2024-09-19 14:06:10', 'paid', 562),
(302, 31, '2024-09-19 14:06:10', 'paid', 562),
(303, 31, '2024-09-19 14:06:10', 'paid', 562),
(304, 31, '2024-09-19 14:06:10', 'paid', 562),
(305, 31, '2024-09-19 14:06:10', 'paid', 562),
(306, 31, '2024-09-19 14:06:10', 'paid', 562),
(307, 31, '2024-09-19 14:06:10', 'paid', 562),
(308, 31, '2024-09-19 14:06:11', 'paid', 562),
(309, 31, '2024-09-19 14:06:11', 'paid', 562),
(310, 31, '2024-09-19 14:06:11', 'paid', 562),
(311, 31, '2024-09-19 14:06:11', 'paid', 562),
(312, 31, '2024-09-19 14:06:11', 'paid', 562),
(313, 31, '2024-09-19 14:06:11', 'paid', 562),
(314, 31, '2024-09-19 14:06:11', 'paid', 562),
(315, 31, '2024-09-19 14:06:11', 'paid', 562),
(316, 31, '2024-09-19 14:06:11', 'paid', 562),
(317, 31, '2024-09-19 14:06:11', 'paid', 562),
(318, 31, '2024-09-19 14:06:11', 'paid', 562),
(319, 31, '2024-09-19 14:06:11', 'paid', 562),
(320, 31, '2024-09-19 14:06:11', 'paid', 562),
(321, 31, '2024-09-19 14:06:11', 'paid', 562),
(322, 31, '2024-09-19 14:06:11', 'paid', 562),
(323, 31, '2024-09-19 14:06:11', 'paid', 562),
(324, 31, '2024-09-19 14:06:11', 'paid', 562),
(325, 31, '2024-09-19 14:06:11', 'paid', 562),
(326, 31, '2024-09-19 14:06:11', 'paid', 562),
(327, 31, '2024-09-19 14:06:11', 'paid', 562),
(328, 31, '2024-09-19 14:06:11', 'paid', 562),
(329, 31, '2024-09-19 14:06:11', 'paid', 562),
(330, 31, '2024-09-19 14:06:11', 'paid', 562),
(331, 31, '2024-09-19 14:06:11', 'paid', 562),
(332, 31, '2024-09-19 14:06:11', 'paid', 562),
(333, 31, '2024-09-19 14:06:11', 'paid', 562),
(334, 31, '2024-09-19 14:06:11', 'paid', 562),
(335, 31, '2024-09-19 14:06:11', 'paid', 562),
(336, 31, '2024-09-19 14:06:11', 'paid', 562),
(337, 31, '2024-09-19 14:06:11', 'paid', 562),
(338, 31, '2024-09-19 14:06:11', 'paid', 562),
(339, 31, '2024-09-19 14:06:11', 'paid', 562),
(340, 31, '2024-09-19 14:06:11', 'paid', 562),
(341, 31, '2024-09-19 14:06:11', 'paid', 562),
(342, 31, '2024-09-19 14:06:11', 'paid', 562),
(343, 31, '2024-09-19 14:06:11', 'paid', 562),
(344, 31, '2024-09-19 14:06:11', 'paid', 562),
(345, 31, '2024-09-19 14:06:11', 'paid', 562),
(346, 31, '2024-09-19 14:06:11', 'paid', 562),
(347, 31, '2024-09-19 14:06:11', 'paid', 562),
(348, 31, '2024-09-19 14:06:11', 'paid', 562),
(349, 31, '2024-09-19 14:06:11', 'paid', 562),
(350, 31, '2024-09-19 14:06:11', 'paid', 562),
(351, 31, '2024-09-19 14:06:11', 'paid', 562),
(352, 31, '2024-09-19 14:06:11', 'paid', 562),
(353, 31, '2024-09-19 14:06:11', 'paid', 562),
(354, 31, '2024-09-19 14:06:11', 'paid', 562),
(355, 31, '2024-09-19 14:06:11', 'paid', 562),
(356, 31, '2024-09-19 14:06:11', 'paid', 562),
(357, 31, '2024-09-19 14:06:11', 'paid', 562),
(358, 31, '2024-09-19 14:06:11', 'paid', 562),
(359, 31, '2024-09-19 14:06:11', 'paid', 562),
(360, 31, '2024-09-19 14:06:11', 'paid', 562),
(361, 31, '2024-09-19 14:06:11', 'paid', 562),
(362, 31, '2024-09-19 14:06:11', 'paid', 562),
(363, 31, '2024-09-19 14:06:11', 'paid', 562),
(364, 31, '2024-09-19 14:06:11', 'paid', 562),
(365, 31, '2024-09-19 14:06:11', 'paid', 562),
(366, 31, '2024-09-19 14:06:11', 'paid', 562),
(367, 31, '2024-09-19 14:06:11', 'paid', 562),
(368, 31, '2024-09-19 14:06:11', 'paid', 562),
(369, 31, '2024-09-19 14:06:11', 'paid', 562),
(370, 31, '2024-09-19 14:06:11', 'paid', 562),
(371, 31, '2024-09-19 14:06:11', 'paid', 562),
(372, 31, '2024-09-19 14:06:11', 'paid', 562),
(373, 31, '2024-09-19 14:06:11', 'paid', 562),
(374, 31, '2024-09-19 14:06:11', 'paid', 562),
(375, 31, '2024-09-19 14:06:11', 'paid', 562),
(376, 31, '2024-09-19 14:06:11', 'paid', 562),
(377, 31, '2024-09-19 14:06:11', 'paid', 562),
(378, 31, '2024-09-19 14:06:11', 'paid', 562),
(379, 31, '2024-09-19 14:06:11', 'paid', 562),
(380, 31, '2024-09-19 14:06:11', 'paid', 562),
(381, 31, '2024-09-19 14:06:11', 'paid', 562),
(382, 31, '2024-09-19 14:06:11', 'paid', 562),
(383, 31, '2024-09-19 14:06:11', 'paid', 562),
(384, 31, '2024-09-19 14:06:11', 'paid', 562),
(385, 31, '2024-09-19 14:06:11', 'paid', 562),
(386, 31, '2024-09-19 14:06:11', 'paid', 562),
(387, 31, '2024-09-19 14:06:11', 'paid', 562),
(388, 31, '2024-09-19 14:06:11', 'paid', 562),
(389, 31, '2024-09-19 14:06:11', 'paid', 562),
(390, 31, '2024-09-19 14:06:11', 'paid', 562),
(391, 31, '2024-09-19 14:06:11', 'paid', 562),
(392, 31, '2024-09-19 14:06:11', 'paid', 562),
(393, 31, '2024-09-19 14:06:11', 'paid', 562),
(394, 31, '2024-09-19 14:06:11', 'paid', 562),
(395, 31, '2024-09-19 14:06:11', 'paid', 562),
(396, 31, '2024-09-19 14:06:11', 'paid', 562),
(397, 31, '2024-09-19 14:06:11', 'paid', 562),
(398, 31, '2024-09-19 14:06:11', 'paid', 562),
(399, 31, '2024-09-19 14:06:11', 'paid', 562),
(400, 31, '2024-09-19 14:06:11', 'paid', 562),
(401, 31, '2024-09-19 14:06:11', 'paid', 562),
(402, 31, '2024-09-19 14:06:11', 'paid', 562),
(403, 31, '2024-09-19 14:06:11', 'paid', 562),
(404, 31, '2024-09-19 14:06:11', 'paid', 562),
(405, 31, '2024-09-19 14:06:11', 'paid', 562),
(406, 31, '2024-09-19 14:06:11', 'paid', 562),
(407, 31, '2024-09-19 14:06:11', 'paid', 562),
(408, 31, '2024-09-19 14:06:11', 'paid', 562),
(409, 31, '2024-09-19 14:06:11', 'paid', 562),
(410, 31, '2024-09-19 14:06:11', 'paid', 562),
(411, 31, '2024-09-19 14:06:11', 'paid', 562),
(412, 31, '2024-09-19 14:06:11', 'paid', 562),
(413, 31, '2024-09-19 14:06:11', 'paid', 562),
(414, 31, '2024-09-19 14:06:11', 'paid', 562),
(415, 31, '2024-09-19 14:06:11', 'paid', 562),
(416, 31, '2024-09-19 14:06:11', 'paid', 562),
(417, 31, '2024-09-19 14:06:11', 'paid', 562),
(418, 31, '2024-09-19 14:06:11', 'paid', 562),
(419, 31, '2024-09-19 14:06:11', 'paid', 562),
(420, 31, '2024-09-19 14:06:11', 'paid', 562),
(421, 31, '2024-09-19 14:06:11', 'paid', 562),
(422, 31, '2024-09-19 14:06:11', 'paid', 562),
(423, 31, '2024-09-19 14:06:11', 'paid', 562),
(424, 31, '2024-09-19 14:06:11', 'paid', 562),
(425, 31, '2024-09-19 14:06:11', 'paid', 562),
(426, 31, '2024-09-19 14:06:11', 'paid', 562),
(427, 31, '2024-09-19 14:06:11', 'paid', 562),
(428, 31, '2024-09-19 14:06:11', 'paid', 562),
(429, 31, '2024-09-19 14:06:11', 'paid', 562),
(430, 31, '2024-09-19 14:06:11', 'paid', 562),
(431, 31, '2024-09-19 14:06:11', 'paid', 562),
(432, 31, '2024-09-19 14:06:11', 'paid', 562),
(433, 31, '2024-09-19 14:06:11', 'paid', 562),
(434, 31, '2024-09-19 14:06:11', 'paid', 562),
(435, 31, '2024-09-19 14:06:11', 'paid', 562),
(436, 31, '2024-09-19 14:06:11', 'paid', 562),
(437, 31, '2024-09-19 14:06:11', 'paid', 562),
(438, 31, '2024-09-19 14:06:11', 'paid', 562),
(439, 31, '2024-09-19 14:06:11', 'paid', 562),
(440, 31, '2024-09-19 14:06:11', 'paid', 562),
(441, 31, '2024-09-19 14:06:11', 'paid', 562),
(442, 31, '2024-09-19 14:06:11', 'paid', 562),
(443, 31, '2024-09-19 14:06:11', 'paid', 562),
(444, 31, '2024-09-19 14:06:11', 'paid', 562),
(445, 31, '2024-09-19 14:06:11', 'paid', 562),
(446, 31, '2024-09-19 14:06:11', 'paid', 562),
(447, 31, '2024-09-19 14:06:11', 'paid', 562),
(448, 31, '2024-09-19 14:06:11', 'paid', 562),
(449, 31, '2024-09-19 14:06:11', 'paid', 562),
(450, 31, '2024-09-19 14:06:11', 'paid', 562),
(451, 31, '2024-09-19 14:06:11', 'paid', 562),
(452, 31, '2024-09-19 14:06:11', 'paid', 562),
(453, 31, '2024-09-19 14:06:11', 'paid', 562),
(454, 31, '2024-09-19 14:06:11', 'paid', 562),
(455, 31, '2024-09-19 14:06:11', 'paid', 562),
(456, 31, '2024-09-19 14:06:11', 'paid', 562),
(457, 31, '2024-09-19 14:06:11', 'paid', 562),
(458, 31, '2024-09-19 14:06:11', 'paid', 562),
(459, 31, '2024-09-19 14:06:11', 'paid', 562),
(460, 31, '2024-09-19 14:06:11', 'paid', 562),
(461, 31, '2024-09-19 14:06:11', 'paid', 562),
(462, 31, '2024-09-19 14:06:11', 'paid', 562),
(463, 31, '2024-09-19 14:06:11', 'paid', 562),
(464, 31, '2024-09-19 14:06:11', 'paid', 562),
(465, 31, '2024-09-19 14:06:11', 'paid', 562),
(466, 31, '2024-09-19 14:06:11', 'paid', 562),
(467, 31, '2024-09-19 14:06:11', 'paid', 562),
(468, 31, '2024-09-19 14:06:11', 'paid', 562),
(469, 31, '2024-09-19 14:06:11', 'paid', 562),
(470, 31, '2024-09-19 14:06:11', 'paid', 562),
(471, 31, '2024-09-19 14:06:11', 'paid', 562),
(472, 31, '2024-09-19 14:06:11', 'paid', 562),
(473, 31, '2024-09-19 14:06:11', 'paid', 562),
(474, 31, '2024-09-19 14:06:11', 'paid', 562),
(475, 31, '2024-09-19 14:06:11', 'paid', 562),
(476, 31, '2024-09-19 14:06:11', 'paid', 562),
(477, 31, '2024-09-19 14:06:11', 'paid', 562),
(478, 31, '2024-09-19 14:06:11', 'paid', 562),
(479, 31, '2024-09-19 14:06:11', 'paid', 562),
(480, 31, '2024-09-19 14:06:11', 'paid', 562),
(481, 31, '2024-09-19 14:06:11', 'paid', 562),
(482, 31, '2024-09-19 14:06:11', 'paid', 562),
(483, 31, '2024-09-19 14:06:11', 'paid', 562),
(484, 31, '2024-09-19 14:06:11', 'paid', 562),
(485, 31, '2024-09-19 14:06:11', 'paid', 562),
(486, 31, '2024-09-19 14:06:11', 'paid', 562),
(487, 31, '2024-09-19 14:06:11', 'paid', 562),
(488, 31, '2024-09-19 14:06:11', 'paid', 562),
(489, 31, '2024-09-19 14:06:11', 'paid', 562),
(490, 31, '2024-09-19 14:06:11', 'paid', 562),
(491, 31, '2024-09-19 14:06:11', 'paid', 562),
(492, 31, '2024-09-19 14:06:11', 'paid', 562),
(493, 31, '2024-09-19 14:06:11', 'paid', 562),
(494, 31, '2024-09-19 14:06:11', 'paid', 562),
(495, 31, '2024-09-19 14:06:11', 'paid', 562),
(496, 31, '2024-09-19 14:06:11', 'paid', 562),
(497, 31, '2024-09-19 14:06:11', 'paid', 562),
(498, 31, '2024-09-19 14:06:11', 'paid', 562),
(499, 31, '2024-09-19 14:06:11', 'paid', 562),
(500, 31, '2024-09-19 14:06:11', 'paid', 562),
(501, 31, '2024-09-19 14:06:11', 'paid', 562),
(502, 31, '2024-09-19 14:06:11', 'paid', 562),
(503, 31, '2024-09-19 14:06:11', 'paid', 562),
(504, 31, '2024-09-19 14:06:11', 'paid', 562),
(505, 31, '2024-09-19 14:06:11', 'paid', 562),
(506, 31, '2024-09-19 14:06:11', 'paid', 562),
(507, 31, '2024-09-19 14:06:11', 'paid', 562),
(508, 31, '2024-09-19 14:06:11', 'paid', 562),
(509, 31, '2024-09-19 14:06:11', 'paid', 562),
(510, 31, '2024-09-19 14:06:11', 'paid', 562),
(511, 31, '2024-09-19 14:06:11', 'paid', 562),
(512, 31, '2024-09-19 14:06:11', 'paid', 562),
(513, 31, '2024-09-19 14:06:11', 'paid', 562),
(514, 31, '2024-09-19 14:06:11', 'paid', 562),
(515, 31, '2024-09-19 14:06:11', 'paid', 562),
(516, 31, '2024-09-19 14:06:11', 'paid', 562),
(517, 31, '2024-09-19 14:06:11', 'paid', 562),
(518, 31, '2024-09-19 14:06:11', 'paid', 562),
(519, 31, '2024-09-19 14:06:11', 'paid', 562),
(520, 31, '2024-09-19 14:06:11', 'paid', 562),
(521, 31, '2024-09-19 14:06:11', 'paid', 562),
(522, 31, '2024-09-19 14:06:11', 'paid', 562),
(523, 31, '2024-09-19 14:06:11', 'paid', 562),
(524, 31, '2024-09-19 14:06:11', 'paid', 562),
(525, 31, '2024-09-19 14:06:11', 'paid', 562),
(526, 31, '2024-09-19 14:06:11', 'paid', 562),
(527, 31, '2024-09-19 14:06:11', 'paid', 562),
(528, 31, '2024-09-19 14:06:11', 'paid', 562),
(529, 31, '2024-09-19 14:06:11', 'paid', 562),
(530, 31, '2024-09-19 14:06:11', 'paid', 562),
(531, 31, '2024-09-19 14:06:11', 'paid', 562),
(532, 31, '2024-09-19 14:06:11', 'paid', 562),
(533, 31, '2024-09-19 14:06:11', 'paid', 562),
(534, 31, '2024-09-19 14:06:11', 'paid', 562),
(535, 31, '2024-09-19 14:06:11', 'paid', 562),
(536, 31, '2024-09-19 14:06:11', 'paid', 562),
(537, 31, '2024-09-19 14:06:11', 'paid', 562),
(538, 31, '2024-09-19 14:06:11', 'paid', 562),
(539, 31, '2024-09-19 14:06:11', 'paid', 562),
(540, 31, '2024-09-19 14:06:11', 'paid', 562),
(541, 31, '2024-09-19 14:06:11', 'paid', 562),
(542, 31, '2024-09-19 14:06:11', 'paid', 562),
(543, 31, '2024-09-19 14:06:11', 'paid', 562),
(544, 31, '2024-09-19 14:06:11', 'paid', 562),
(545, 31, '2024-09-19 14:06:11', 'paid', 562),
(546, 31, '2024-09-19 14:06:11', 'paid', 562),
(547, 31, '2024-09-19 14:06:11', 'paid', 562),
(548, 31, '2024-09-19 14:06:11', 'paid', 562),
(549, 31, '2024-09-19 14:06:11', 'paid', 562),
(550, 31, '2024-09-19 14:06:11', 'paid', 562),
(551, 31, '2024-09-19 14:06:11', 'paid', 562),
(552, 31, '2024-09-19 14:06:12', 'paid', 562),
(553, 31, '2024-09-19 14:06:12', 'paid', 562),
(554, 31, '2024-09-19 14:06:12', 'paid', 562),
(555, 31, '2024-09-19 14:06:12', 'paid', 562),
(556, 31, '2024-09-19 14:06:12', 'paid', 562),
(557, 31, '2024-09-19 14:06:12', 'paid', 562),
(558, 31, '2024-09-19 14:06:12', 'paid', 562),
(559, 31, '2024-09-19 14:06:12', 'paid', 562),
(560, 31, '2024-09-19 14:06:12', 'paid', 562),
(561, 31, '2024-09-19 14:06:12', 'paid', 562),
(562, 31, '2024-09-19 14:06:12', 'paid', 562),
(563, 31, '2024-09-19 14:06:12', 'paid', 562),
(564, 31, '2024-09-19 14:06:12', 'paid', 562),
(565, 31, '2024-09-19 14:06:12', 'paid', 562),
(566, 31, '2024-09-19 14:06:12', 'paid', 562),
(567, 31, '2024-09-19 14:06:12', 'paid', 562),
(568, 31, '2024-09-19 14:06:12', 'paid', 562),
(569, 31, '2024-09-19 14:06:12', 'paid', 562),
(570, 31, '2024-09-19 14:06:12', 'paid', 562),
(571, 31, '2024-09-19 14:06:12', 'paid', 562),
(572, 31, '2024-09-19 14:06:12', 'paid', 562),
(573, 31, '2024-09-19 14:06:12', 'paid', 562),
(574, 31, '2024-09-19 14:06:12', 'paid', 562),
(575, 31, '2024-09-19 14:06:12', 'paid', 562),
(576, 31, '2024-09-19 14:06:12', 'paid', 562),
(577, 31, '2024-09-19 14:06:12', 'paid', 562),
(578, 31, '2024-09-19 14:06:12', 'paid', 562),
(579, 31, '2024-09-19 14:06:12', 'paid', 562),
(580, 31, '2024-09-19 14:06:12', 'paid', 562),
(581, 31, '2024-09-19 14:06:12', 'paid', 562),
(582, 31, '2024-09-19 14:06:12', 'paid', 562),
(583, 31, '2024-09-19 14:06:12', 'paid', 562),
(584, 31, '2024-09-19 14:06:12', 'paid', 562),
(585, 31, '2024-09-19 14:06:12', 'paid', 562),
(586, 31, '2024-09-19 14:06:12', 'paid', 562),
(587, 31, '2024-09-19 14:06:12', 'paid', 562),
(588, 31, '2024-09-19 14:06:12', 'paid', 562),
(589, 31, '2024-09-19 14:06:12', 'paid', 562),
(590, 31, '2024-09-19 14:06:12', 'paid', 562),
(591, 31, '2024-09-19 14:06:12', 'paid', 562),
(592, 31, '2024-09-19 14:06:12', 'paid', 562),
(593, 31, '2024-09-19 14:06:12', 'paid', 562),
(594, 31, '2024-09-19 14:06:12', 'paid', 562),
(595, 31, '2024-09-19 14:06:12', 'paid', 562),
(596, 31, '2024-09-19 14:06:12', 'paid', 562),
(597, 31, '2024-09-19 14:06:12', 'paid', 562),
(598, 31, '2024-09-19 14:06:12', 'paid', 562),
(599, 31, '2024-09-19 14:06:12', 'paid', 562),
(600, 31, '2024-09-19 14:06:12', 'paid', 562),
(601, 31, '2024-09-19 14:06:12', 'paid', 562),
(602, 31, '2024-09-19 14:06:12', 'paid', 562),
(603, 31, '2024-09-19 14:06:12', 'paid', 562),
(604, 31, '2024-09-19 14:06:12', 'paid', 562),
(605, 31, '2024-09-19 14:06:12', 'paid', 562),
(606, 31, '2024-09-19 14:06:12', 'paid', 562),
(607, 31, '2024-09-19 14:06:12', 'paid', 562),
(608, 31, '2024-09-19 14:06:12', 'paid', 562),
(609, 31, '2024-09-19 14:06:12', 'paid', 562),
(610, 31, '2024-09-19 14:06:12', 'paid', 562),
(611, 31, '2024-09-19 14:06:12', 'paid', 562),
(612, 31, '2024-09-19 14:06:12', 'paid', 562),
(613, 31, '2024-09-19 14:06:12', 'paid', 562),
(614, 31, '2024-09-19 14:06:12', 'paid', 562),
(615, 31, '2024-09-19 14:06:12', 'paid', 562),
(616, 31, '2024-09-19 14:06:15', 'paid', 562),
(617, 31, '2024-09-19 14:06:16', 'paid', 562),
(618, 31, '2024-09-19 14:06:16', 'paid', 562),
(619, 31, '2024-09-19 14:06:16', 'paid', 562),
(620, 31, '2024-09-19 14:06:16', 'paid', 562),
(621, 31, '2024-09-19 14:06:16', 'paid', 562),
(622, 31, '2024-09-19 14:06:16', 'paid', 562),
(623, 31, '2024-09-19 14:06:16', 'paid', 562),
(624, 31, '2024-09-19 14:06:16', 'paid', 562),
(625, 31, '2024-09-19 14:06:16', 'paid', 562),
(626, 31, '2024-09-19 14:06:16', 'paid', 562),
(627, 31, '2024-09-19 14:06:16', 'paid', 562),
(628, 31, '2024-09-19 14:06:16', 'paid', 562),
(629, 31, '2024-09-19 14:06:16', 'paid', 562),
(630, 31, '2024-09-19 14:06:16', 'paid', 562),
(631, 31, '2024-09-19 14:06:16', 'paid', 562),
(632, 31, '2024-09-19 14:06:16', 'paid', 562),
(633, 31, '2024-09-19 14:06:16', 'paid', 562),
(634, 31, '2024-09-19 14:06:16', 'paid', 562),
(635, 31, '2024-09-19 14:06:16', 'paid', 562),
(636, 31, '2024-09-19 14:06:16', 'paid', 562),
(637, 31, '2024-09-19 14:06:16', 'paid', 562),
(638, 31, '2024-09-19 14:06:16', 'paid', 562),
(639, 31, '2024-09-19 14:06:16', 'paid', 562),
(640, 31, '2024-09-19 14:06:16', 'paid', 562),
(641, 31, '2024-09-19 14:06:16', 'paid', 562),
(642, 31, '2024-09-19 14:06:16', 'paid', 562),
(643, 31, '2024-09-19 14:06:16', 'paid', 562),
(644, 31, '2024-09-19 14:06:16', 'paid', 562),
(645, 31, '2024-09-19 14:06:16', 'paid', 562),
(646, 31, '2024-09-19 14:06:16', 'paid', 562),
(647, 31, '2024-09-19 14:06:16', 'paid', 562),
(648, 31, '2024-09-19 14:06:16', 'paid', 562),
(649, 31, '2024-09-19 14:06:16', 'paid', 562),
(650, 31, '2024-09-19 14:06:16', 'paid', 562),
(651, 31, '2024-09-19 14:06:16', 'paid', 562),
(652, 31, '2024-09-19 14:06:16', 'paid', 562),
(653, 31, '2024-09-19 14:06:16', 'paid', 562),
(654, 31, '2024-09-19 14:06:16', 'paid', 562),
(655, 31, '2024-09-19 14:06:16', 'paid', 562),
(656, 31, '2024-09-19 14:06:16', 'paid', 562),
(657, 31, '2024-09-19 14:06:17', 'paid', 562),
(658, 31, '2024-09-19 14:06:17', 'paid', 562),
(659, 31, '2024-09-19 14:06:17', 'paid', 562),
(660, 31, '2024-09-19 14:06:17', 'paid', 562),
(661, 31, '2024-09-19 14:06:17', 'paid', 562),
(662, 31, '2024-09-19 14:06:17', 'paid', 562),
(663, 31, '2024-09-19 14:06:17', 'paid', 562),
(664, 31, '2024-09-19 14:06:17', 'paid', 562),
(665, 31, '2024-09-19 14:06:17', 'paid', 562),
(666, 31, '2024-09-19 14:06:17', 'paid', 562),
(667, 31, '2024-09-19 14:06:17', 'paid', 562),
(668, 31, '2024-09-19 14:06:17', 'paid', 562),
(669, 31, '2024-09-19 14:06:17', 'paid', 562),
(670, 31, '2024-09-19 14:06:17', 'paid', 562),
(671, 31, '2024-09-19 14:06:17', 'paid', 562),
(672, 31, '2024-09-19 14:06:17', 'paid', 562),
(673, 31, '2024-09-19 14:06:17', 'paid', 562),
(674, 31, '2024-09-19 14:06:17', 'paid', 562),
(675, 31, '2024-09-19 14:06:17', 'paid', 562),
(676, 31, '2024-09-19 14:06:17', 'paid', 562),
(677, 31, '2024-09-19 14:06:17', 'paid', 562),
(678, 31, '2024-09-19 14:06:17', 'paid', 562),
(679, 31, '2024-09-19 14:06:17', 'paid', 562),
(680, 31, '2024-09-19 14:06:17', 'paid', 562),
(681, 31, '2024-09-19 14:06:17', 'paid', 562),
(682, 31, '2024-09-19 14:06:17', 'paid', 562),
(683, 31, '2024-09-19 14:06:17', 'paid', 562),
(684, 31, '2024-09-19 14:06:17', 'paid', 562),
(685, 31, '2024-09-19 14:06:17', 'paid', 562),
(686, 31, '2024-09-19 14:06:17', 'paid', 562),
(687, 31, '2024-09-19 14:06:17', 'paid', 562),
(688, 31, '2024-09-19 14:06:17', 'paid', 562),
(689, 31, '2024-09-19 14:06:17', 'paid', 562),
(690, 31, '2024-09-19 14:06:17', 'paid', 562),
(691, 31, '2024-09-19 14:06:17', 'paid', 562),
(692, 31, '2024-09-19 14:06:17', 'paid', 562),
(693, 31, '2024-09-19 14:06:17', 'paid', 562),
(694, 31, '2024-09-19 14:06:17', 'paid', 562),
(695, 31, '2024-09-19 14:06:17', 'paid', 562),
(696, 31, '2024-09-19 14:06:17', 'paid', 562),
(697, 31, '2024-09-19 14:06:17', 'paid', 562),
(698, 31, '2024-09-19 14:06:17', 'paid', 562),
(699, 31, '2024-09-19 14:06:17', 'paid', 562),
(700, 31, '2024-09-19 14:06:17', 'paid', 562),
(701, 31, '2024-09-19 14:06:17', 'paid', 562),
(702, 31, '2024-09-19 14:06:17', 'paid', 562),
(703, 31, '2024-09-19 14:06:17', 'paid', 562),
(704, 31, '2024-09-19 14:06:17', 'paid', 562),
(705, 31, '2024-09-19 14:06:17', 'paid', 562),
(706, 31, '2024-09-19 14:06:17', 'paid', 562),
(707, 31, '2024-09-19 14:06:17', 'paid', 562),
(708, 31, '2024-09-19 14:06:17', 'paid', 562),
(709, 31, '2024-09-19 14:06:17', 'paid', 562),
(710, 31, '2024-09-19 14:06:17', 'paid', 562),
(711, 31, '2024-09-19 14:06:17', 'paid', 562),
(712, 31, '2024-09-19 14:06:17', 'paid', 562),
(713, 31, '2024-09-19 14:06:17', 'paid', 562),
(714, 31, '2024-09-19 14:06:17', 'paid', 562),
(715, 31, '2024-09-19 14:06:17', 'paid', 562),
(716, 31, '2024-09-19 14:06:17', 'paid', 562),
(717, 31, '2024-09-19 14:06:17', 'paid', 562),
(718, 31, '2024-09-19 14:06:17', 'paid', 562),
(719, 31, '2024-09-19 14:06:17', 'paid', 562),
(720, 31, '2024-09-19 14:06:17', 'paid', 562),
(721, 31, '2024-09-19 14:06:17', 'paid', 562),
(722, 31, '2024-09-19 14:06:17', 'paid', 562),
(723, 31, '2024-09-19 14:06:17', 'paid', 562),
(724, 31, '2024-09-19 14:06:17', 'paid', 562),
(725, 31, '2024-09-19 14:06:17', 'paid', 562),
(726, 31, '2024-09-19 14:06:17', 'paid', 562),
(727, 31, '2024-09-19 14:06:17', 'paid', 562),
(728, 31, '2024-09-19 14:06:17', 'paid', 562),
(729, 31, '2024-09-19 14:06:17', 'paid', 562),
(730, 31, '2024-09-19 14:06:17', 'paid', 562),
(731, 31, '2024-09-19 14:06:17', 'paid', 562),
(732, 31, '2024-09-19 14:06:17', 'paid', 562),
(733, 31, '2024-09-19 14:06:17', 'paid', 562),
(734, 31, '2024-09-19 14:06:17', 'paid', 562),
(735, 31, '2024-09-19 14:06:17', 'paid', 562),
(736, 31, '2024-09-19 14:06:17', 'paid', 562),
(737, 31, '2024-09-19 14:06:17', 'paid', 562),
(738, 31, '2024-09-19 14:06:17', 'paid', 562),
(739, 31, '2024-09-19 14:06:17', 'paid', 562),
(740, 31, '2024-09-19 14:06:17', 'paid', 562),
(741, 31, '2024-09-19 14:06:17', 'paid', 562),
(742, 31, '2024-09-19 14:06:17', 'paid', 562),
(743, 31, '2024-09-19 14:06:17', 'paid', 562),
(744, 31, '2024-09-19 14:06:17', 'paid', 562),
(745, 31, '2024-09-19 14:06:17', 'paid', 562),
(746, 31, '2024-09-19 14:06:17', 'paid', 562),
(747, 31, '2024-09-19 14:06:17', 'paid', 562),
(748, 31, '2024-09-19 14:06:17', 'paid', 562),
(749, 31, '2024-09-19 14:06:17', 'paid', 562),
(750, 31, '2024-09-19 14:06:17', 'paid', 562),
(751, 31, '2024-09-19 14:06:17', 'paid', 562),
(752, 31, '2024-09-19 14:06:17', 'paid', 562),
(753, 31, '2024-09-19 14:06:17', 'paid', 562),
(754, 31, '2024-09-19 14:06:17', 'paid', 562),
(755, 31, '2024-09-19 14:06:17', 'paid', 562),
(756, 31, '2024-09-19 14:06:17', 'paid', 562),
(757, 31, '2024-09-19 14:06:17', 'paid', 562),
(758, 31, '2024-09-19 14:06:17', 'paid', 562),
(759, 31, '2024-09-19 14:06:17', 'paid', 562),
(760, 31, '2024-09-19 14:06:17', 'paid', 562),
(761, 31, '2024-09-19 14:06:17', 'paid', 562),
(762, 31, '2024-09-19 14:06:17', 'paid', 562),
(763, 31, '2024-09-19 14:06:17', 'paid', 562),
(764, 31, '2024-09-19 14:06:17', 'paid', 562),
(765, 31, '2024-09-19 14:06:17', 'paid', 562),
(766, 31, '2024-09-19 14:06:17', 'paid', 562),
(767, 31, '2024-09-19 14:06:17', 'paid', 562),
(768, 31, '2024-09-19 14:06:17', 'paid', 562),
(769, 31, '2024-09-19 14:06:17', 'paid', 562),
(770, 31, '2024-09-19 14:06:17', 'paid', 562),
(771, 31, '2024-09-19 14:06:17', 'paid', 562),
(772, 31, '2024-09-19 14:06:17', 'paid', 562),
(773, 31, '2024-09-19 14:06:17', 'paid', 562),
(774, 31, '2024-09-19 14:06:17', 'paid', 562),
(775, 31, '2024-09-19 14:06:17', 'paid', 562),
(776, 31, '2024-09-19 14:06:17', 'paid', 562),
(777, 31, '2024-09-19 14:06:17', 'paid', 562),
(778, 31, '2024-09-19 14:06:17', 'paid', 562),
(779, 31, '2024-09-19 14:06:17', 'paid', 562),
(780, 31, '2024-09-19 14:06:17', 'paid', 562),
(781, 31, '2024-09-19 14:06:17', 'paid', 562),
(782, 31, '2024-09-19 14:06:17', 'paid', 562),
(783, 31, '2024-09-19 14:06:17', 'paid', 562),
(784, 31, '2024-09-19 14:06:17', 'paid', 562),
(785, 31, '2024-09-19 14:06:17', 'paid', 562),
(786, 31, '2024-09-19 14:06:18', 'paid', 562),
(787, 31, '2024-09-19 14:06:18', 'paid', 562),
(788, 31, '2024-09-19 14:06:18', 'paid', 562),
(789, 31, '2024-09-19 14:06:18', 'paid', 562),
(790, 31, '2024-09-19 14:06:18', 'paid', 562),
(791, 31, '2024-09-19 14:06:18', 'paid', 562),
(792, 31, '2024-09-19 14:06:18', 'paid', 562),
(793, 31, '2024-09-19 14:06:18', 'paid', 562),
(794, 31, '2024-09-19 14:06:18', 'paid', 562),
(795, 31, '2024-09-19 14:06:18', 'paid', 562),
(796, 31, '2024-09-19 14:06:18', 'paid', 562),
(797, 31, '2024-09-19 14:06:18', 'paid', 562),
(798, 31, '2024-09-19 14:06:18', 'paid', 562),
(799, 31, '2024-09-19 14:06:18', 'paid', 562),
(800, 31, '2024-09-19 14:06:18', 'paid', 562),
(801, 31, '2024-09-19 14:06:18', 'paid', 562),
(802, 31, '2024-09-19 14:06:18', 'paid', 562),
(803, 31, '2024-09-19 14:06:18', 'paid', 562),
(804, 31, '2024-09-19 14:06:18', 'paid', 562),
(805, 31, '2024-09-19 14:06:18', 'paid', 562),
(806, 31, '2024-09-19 14:06:18', 'paid', 562),
(807, 31, '2024-09-19 14:06:18', 'paid', 562),
(808, 31, '2024-09-19 14:06:18', 'paid', 562),
(809, 31, '2024-09-19 14:06:18', 'paid', 562),
(810, 31, '2024-09-19 14:06:18', 'paid', 562),
(811, 31, '2024-09-19 14:06:18', 'paid', 562),
(812, 31, '2024-09-19 14:06:18', 'paid', 562),
(813, 31, '2024-09-19 14:06:18', 'paid', 562),
(814, 31, '2024-09-19 14:06:18', 'paid', 562),
(815, 31, '2024-09-19 14:06:18', 'paid', 562),
(816, 31, '2024-09-19 14:06:18', 'paid', 562),
(817, 31, '2024-09-19 14:06:18', 'paid', 562),
(818, 31, '2024-09-19 14:06:18', 'paid', 562),
(819, 31, '2024-09-19 14:06:18', 'paid', 562),
(820, 31, '2024-09-19 14:06:18', 'paid', 562),
(821, 31, '2024-09-19 14:06:18', 'paid', 562),
(822, 31, '2024-09-19 14:06:18', 'paid', 562),
(823, 31, '2024-09-19 14:06:18', 'paid', 562),
(824, 31, '2024-09-19 14:06:18', 'paid', 562),
(825, 31, '2024-09-19 14:06:18', 'paid', 562),
(826, 31, '2024-09-19 14:06:18', 'paid', 562),
(827, 31, '2024-09-19 14:06:18', 'paid', 562),
(828, 31, '2024-09-19 14:06:18', 'paid', 562),
(829, 31, '2024-09-19 14:06:18', 'paid', 562),
(830, 31, '2024-09-19 14:06:18', 'paid', 562),
(831, 31, '2024-09-19 14:06:18', 'paid', 562),
(832, 31, '2024-09-19 14:06:18', 'paid', 562),
(833, 31, '2024-09-19 14:06:18', 'paid', 562),
(834, 31, '2024-09-19 14:06:18', 'paid', 562),
(835, 31, '2024-09-19 14:06:18', 'paid', 562),
(836, 31, '2024-09-19 14:06:18', 'paid', 562),
(837, 31, '2024-09-19 14:06:18', 'paid', 562),
(838, 31, '2024-09-19 14:06:18', 'paid', 562),
(839, 31, '2024-09-19 14:06:18', 'paid', 562),
(840, 31, '2024-09-19 14:06:18', 'paid', 562),
(841, 31, '2024-09-19 14:06:18', 'paid', 562),
(842, 31, '2024-09-19 14:06:18', 'paid', 562),
(843, 31, '2024-09-19 14:06:18', 'paid', 562),
(844, 31, '2024-09-19 14:06:18', 'paid', 562),
(845, 31, '2024-09-19 14:06:18', 'paid', 562),
(846, 31, '2024-09-19 14:06:18', 'paid', 562),
(847, 31, '2024-09-19 14:06:18', 'paid', 562),
(848, 31, '2024-09-19 14:06:18', 'paid', 562),
(849, 31, '2024-09-19 14:06:18', 'paid', 562),
(850, 31, '2024-09-19 14:06:18', 'paid', 562),
(851, 31, '2024-09-19 14:06:18', 'paid', 562),
(852, 31, '2024-09-19 14:06:18', 'paid', 562),
(853, 31, '2024-09-19 14:06:18', 'paid', 0),
(854, 31, '2024-09-19 14:06:18', 'paid', 0),
(855, 31, '2024-09-19 14:06:18', 'paid', 0),
(856, 31, '2024-09-19 14:06:18', 'paid', 0),
(857, 31, '2024-09-19 14:06:18', 'paid', 0),
(858, 31, '2024-09-19 14:06:18', 'paid', 0),
(859, 31, '2024-09-19 14:06:18', 'paid', 0),
(860, 31, '2024-09-19 14:06:18', 'paid', 0),
(861, 31, '2024-09-19 14:06:18', 'paid', 0),
(862, 31, '2024-09-19 14:06:18', 'paid', 0),
(863, 31, '2024-09-19 14:06:18', 'paid', 0),
(864, 31, '2024-09-19 14:06:18', 'paid', 0),
(865, 31, '2024-09-19 14:06:18', 'paid', 0),
(866, 31, '2024-09-19 14:06:18', 'paid', 0),
(867, 31, '2024-09-19 14:06:18', 'paid', 0),
(868, 31, '2024-09-19 14:06:18', 'paid', 0),
(869, 31, '2024-09-19 14:06:18', 'paid', 0),
(870, 31, '2024-09-19 14:06:18', 'paid', 0),
(871, 31, '2024-09-19 14:06:18', 'paid', 0),
(872, 31, '2024-09-19 14:06:18', 'paid', 0),
(873, 31, '2024-09-19 14:06:18', 'paid', 0),
(874, 31, '2024-09-19 14:06:18', 'paid', 0),
(875, 31, '2024-09-19 14:06:18', 'paid', 0),
(876, 31, '2024-09-19 14:06:18', 'paid', 0),
(877, 31, '2024-09-19 14:06:18', 'paid', 0),
(878, 31, '2024-09-19 14:06:18', 'paid', 0),
(879, 31, '2024-09-19 14:06:18', 'paid', 0),
(880, 31, '2024-09-19 14:06:18', 'paid', 0),
(881, 31, '2024-09-19 14:06:18', 'paid', 0),
(882, 31, '2024-09-19 14:06:18', 'paid', 0),
(883, 31, '2024-09-19 14:06:18', 'paid', 0),
(884, 31, '2024-09-19 14:06:18', 'paid', 0),
(885, 31, '2024-09-19 14:06:18', 'paid', 0),
(886, 31, '2024-09-19 14:06:18', 'paid', 0),
(887, 31, '2024-09-19 14:06:18', 'paid', 0),
(888, 31, '2024-09-19 14:06:18', 'paid', 0),
(889, 31, '2024-09-19 14:06:18', 'paid', 0),
(890, 31, '2024-09-19 14:06:18', 'paid', 0),
(891, 31, '2024-09-19 14:06:18', 'paid', 0),
(892, 31, '2024-09-19 14:06:18', 'paid', 0),
(893, 31, '2024-09-19 14:06:18', 'paid', 0),
(894, 31, '2024-09-19 14:06:18', 'paid', 0),
(895, 31, '2024-09-19 14:06:18', 'paid', 0),
(896, 31, '2024-09-19 14:06:18', 'paid', 0),
(897, 31, '2024-09-19 14:06:18', 'paid', 0),
(898, 31, '2024-09-19 14:06:18', 'paid', 0),
(899, 31, '2024-09-19 14:06:18', 'paid', 0),
(900, 31, '2024-09-19 14:06:18', 'paid', 0),
(901, 31, '2024-09-19 14:06:18', 'paid', 0),
(902, 31, '2024-09-19 14:06:18', 'paid', 0),
(903, 31, '2024-09-19 14:06:18', 'paid', 0),
(904, 31, '2024-09-19 14:06:18', 'paid', 0),
(905, 31, '2024-09-19 14:06:18', 'paid', 0),
(906, 31, '2024-09-19 14:06:18', 'paid', 0),
(907, 31, '2024-09-19 14:06:18', 'paid', 0),
(908, 31, '2024-09-19 14:06:18', 'paid', 0),
(909, 31, '2024-09-19 14:06:18', 'paid', 0),
(910, 31, '2024-09-19 14:06:18', 'paid', 0),
(911, 31, '2024-09-19 14:06:18', 'paid', 0),
(912, 31, '2024-09-19 14:06:18', 'paid', 0),
(913, 31, '2024-09-19 14:06:18', 'paid', 0),
(914, 31, '2024-09-19 14:06:18', 'paid', 0),
(915, 31, '2024-09-19 14:06:18', 'paid', 0),
(916, 31, '2024-09-19 14:06:18', 'paid', 0),
(917, 31, '2024-09-19 14:06:18', 'paid', 0),
(918, 31, '2024-09-19 14:06:18', 'paid', 0),
(919, 31, '2024-09-19 14:06:18', 'paid', 0),
(920, 31, '2024-09-19 14:06:18', 'paid', 0),
(921, 31, '2024-09-19 14:06:18', 'paid', 0),
(922, 31, '2024-09-19 14:06:18', 'paid', 0),
(923, 31, '2024-09-19 14:06:18', 'paid', 0),
(924, 31, '2024-09-19 14:06:18', 'paid', 0),
(925, 31, '2024-09-19 14:06:18', 'paid', 0),
(926, 31, '2024-09-19 14:06:18', 'paid', 0),
(927, 31, '2024-09-19 14:06:18', 'paid', 0),
(928, 31, '2024-09-19 14:06:18', 'paid', 0),
(929, 31, '2024-09-19 14:06:18', 'paid', 0),
(930, 31, '2024-09-19 14:06:18', 'paid', 0),
(931, 31, '2024-09-19 14:06:18', 'paid', 0),
(932, 31, '2024-09-19 14:06:18', 'paid', 0),
(933, 31, '2024-09-19 14:06:18', 'paid', 0),
(934, 31, '2024-09-19 14:06:18', 'paid', 0),
(935, 31, '2024-09-19 14:06:18', 'paid', 0),
(936, 31, '2024-09-19 14:06:18', 'paid', 0),
(937, 31, '2024-09-19 14:06:18', 'paid', 0),
(938, 31, '2024-09-19 14:06:18', 'paid', 0),
(939, 31, '2024-09-19 14:06:18', 'paid', 0),
(940, 31, '2024-09-19 14:06:18', 'paid', 0),
(941, 31, '2024-09-19 14:06:18', 'paid', 0),
(942, 31, '2024-09-19 14:06:18', 'paid', 0),
(943, 31, '2024-09-19 14:06:18', 'paid', 0),
(944, 31, '2024-09-19 14:06:18', 'paid', 0),
(945, 31, '2024-09-19 14:06:18', 'paid', 0),
(946, 31, '2024-09-19 14:06:18', 'paid', 0),
(947, 31, '2024-09-19 14:06:18', 'paid', 0),
(948, 31, '2024-09-19 14:06:18', 'paid', 0),
(949, 31, '2024-09-19 14:06:18', 'paid', 0),
(950, 31, '2024-09-19 14:06:18', 'paid', 0),
(951, 31, '2024-09-19 14:06:18', 'paid', 0),
(952, 31, '2024-09-19 14:06:18', 'paid', 0),
(953, 31, '2024-09-19 14:06:18', 'paid', 0),
(954, 31, '2024-09-19 14:06:18', 'paid', 0),
(955, 31, '2024-09-19 14:06:18', 'paid', 0),
(956, 31, '2024-09-19 14:06:18', 'paid', 0),
(957, 31, '2024-09-19 14:06:18', 'paid', 0),
(958, 31, '2024-09-19 14:06:18', 'paid', 0),
(959, 31, '2024-09-19 14:06:18', 'paid', 0),
(960, 31, '2024-09-19 14:06:18', 'paid', 0),
(961, 31, '2024-09-19 14:06:18', 'paid', 0),
(962, 31, '2024-09-19 14:06:18', 'paid', 0),
(963, 31, '2024-09-19 14:06:18', 'paid', 0),
(964, 31, '2024-09-19 14:06:18', 'paid', 0),
(965, 31, '2024-09-19 14:06:18', 'paid', 0),
(966, 31, '2024-09-19 14:06:18', 'paid', 0),
(967, 31, '2024-09-19 14:06:18', 'paid', 0),
(968, 31, '2024-09-19 14:06:18', 'paid', 0),
(969, 31, '2024-09-19 14:06:18', 'paid', 0),
(970, 31, '2024-09-19 14:06:18', 'paid', 0),
(971, 31, '2024-09-19 14:06:18', 'paid', 0),
(972, 31, '2024-09-19 14:06:18', 'paid', 0),
(973, 31, '2024-09-19 14:06:18', 'paid', 0),
(974, 31, '2024-09-19 14:06:18', 'paid', 0),
(975, 31, '2024-09-19 14:06:18', 'paid', 0),
(976, 31, '2024-09-19 14:06:18', 'paid', 0),
(977, 31, '2024-09-19 14:06:18', 'paid', 0),
(978, 31, '2024-09-19 14:06:18', 'paid', 0),
(979, 31, '2024-09-19 14:06:18', 'paid', 0),
(980, 31, '2024-09-19 14:06:18', 'paid', 0),
(981, 31, '2024-09-19 14:06:18', 'paid', 0),
(982, 31, '2024-09-19 14:06:18', 'paid', 0),
(983, 31, '2024-09-19 14:06:18', 'paid', 0),
(984, 31, '2024-09-19 14:06:18', 'paid', 0),
(985, 31, '2024-09-19 14:06:18', 'paid', 0),
(986, 31, '2024-09-19 14:06:18', 'paid', 0),
(987, 31, '2024-09-19 14:06:18', 'paid', 0),
(988, 31, '2024-09-19 14:06:18', 'paid', 0),
(989, 31, '2024-09-19 14:06:18', 'paid', 0),
(990, 31, '2024-09-19 14:06:18', 'paid', 0),
(991, 31, '2024-09-19 14:06:18', 'paid', 0),
(992, 31, '2024-09-19 14:06:18', 'paid', 0),
(993, 31, '2024-09-19 14:06:18', 'paid', 0),
(994, 31, '2024-09-19 14:06:18', 'paid', 0),
(995, 31, '2024-09-19 14:06:18', 'paid', 0),
(996, 31, '2024-09-19 14:06:18', 'paid', 0),
(997, 31, '2024-09-19 14:06:18', 'paid', 0),
(998, 31, '2024-09-19 14:06:18', 'paid', 0),
(999, 31, '2024-09-19 14:06:18', 'paid', 0),
(1000, 31, '2024-09-19 14:06:18', 'paid', 0),
(1001, 31, '2024-09-19 14:06:18', 'paid', 0),
(1002, 31, '2024-09-19 14:06:18', 'paid', 0),
(1003, 31, '2024-09-19 14:06:18', 'paid', 0),
(1004, 31, '2024-09-19 14:06:18', 'paid', 0),
(1005, 31, '2024-09-19 14:06:18', 'paid', 0),
(1006, 31, '2024-09-19 14:06:18', 'paid', 0),
(1007, 31, '2024-09-19 14:06:19', 'paid', 0),
(1008, 31, '2024-09-19 14:06:19', 'paid', 0),
(1009, 31, '2024-09-19 14:06:19', 'paid', 0),
(1010, 31, '2024-09-19 14:06:19', 'paid', 0),
(1011, 31, '2024-09-19 14:06:19', 'paid', 0),
(1012, 31, '2024-09-19 14:06:19', 'paid', 0),
(1013, 31, '2024-09-19 14:06:19', 'paid', 0),
(1014, 31, '2024-09-19 14:06:19', 'paid', 0),
(1015, 31, '2024-09-19 14:06:19', 'paid', 0),
(1016, 31, '2024-09-19 14:06:19', 'paid', 0),
(1017, 31, '2024-09-19 14:06:19', 'paid', 0),
(1018, 31, '2024-09-19 14:06:19', 'paid', 0),
(1019, 31, '2024-09-19 14:06:19', 'paid', 0),
(1020, 31, '2024-09-19 14:06:19', 'paid', 0),
(1021, 31, '2024-09-19 14:06:19', 'paid', 0),
(1022, 31, '2024-09-19 14:06:19', 'paid', 0),
(1023, 31, '2024-09-19 14:06:19', 'paid', 0),
(1024, 31, '2024-09-19 14:06:19', 'paid', 0),
(1025, 31, '2024-09-19 14:06:19', 'paid', 0),
(1026, 31, '2024-09-19 14:06:19', 'paid', 0),
(1027, 31, '2024-09-19 14:06:19', 'paid', 0),
(1028, 31, '2024-09-19 14:06:19', 'paid', 0),
(1029, 31, '2024-09-19 14:06:19', 'paid', 0),
(1030, 31, '2024-09-19 14:06:19', 'paid', 0),
(1031, 31, '2024-09-19 14:06:19', 'paid', 0),
(1032, 31, '2024-09-19 14:06:19', 'paid', 0),
(1033, 31, '2024-09-19 14:06:19', 'paid', 0),
(1034, 31, '2024-09-19 14:06:19', 'paid', 0),
(1035, 31, '2024-09-19 14:06:19', 'paid', 0),
(1036, 31, '2024-09-19 14:06:19', 'paid', 0),
(1037, 31, '2024-09-19 14:06:19', 'paid', 0),
(1038, 31, '2024-09-19 14:06:19', 'paid', 0),
(1039, 31, '2024-09-19 14:06:19', 'paid', 0),
(1040, 31, '2024-09-19 14:06:19', 'paid', 0),
(1041, 31, '2024-09-19 14:06:19', 'paid', 0),
(1042, 31, '2024-09-19 14:06:19', 'paid', 0),
(1043, 31, '2024-09-19 14:06:19', 'paid', 0),
(1044, 31, '2024-09-19 14:06:19', 'paid', 0),
(1045, 31, '2024-09-19 14:06:19', 'paid', 0),
(1046, 31, '2024-09-19 14:06:19', 'paid', 0),
(1047, 31, '2024-09-19 14:06:19', 'paid', 0),
(1048, 31, '2024-09-19 14:06:19', 'paid', 0),
(1049, 31, '2024-09-19 14:06:19', 'paid', 0),
(1050, 31, '2024-09-19 14:06:19', 'paid', 0),
(1051, 31, '2024-09-19 14:06:19', 'paid', 0),
(1052, 31, '2024-09-19 14:06:19', 'paid', 0),
(1053, 31, '2024-09-19 14:06:19', 'paid', 0),
(1054, 31, '2024-09-19 14:06:19', 'paid', 0),
(1055, 31, '2024-09-19 14:06:19', 'paid', 0),
(1056, 31, '2024-09-19 14:06:19', 'paid', 0),
(1057, 31, '2024-09-19 14:06:19', 'paid', 0),
(1058, 31, '2024-09-19 14:06:19', 'paid', 0),
(1059, 31, '2024-09-19 14:06:19', 'paid', 0),
(1060, 31, '2024-09-19 14:06:19', 'paid', 0),
(1061, 31, '2024-09-19 14:06:19', 'paid', 0),
(1062, 31, '2024-09-19 14:06:19', 'paid', 0),
(1063, 31, '2024-09-19 14:06:19', 'paid', 0),
(1064, 31, '2024-09-19 14:06:19', 'paid', 0),
(1065, 31, '2024-09-19 14:06:19', 'paid', 0),
(1066, 31, '2024-09-19 14:06:19', 'paid', 0),
(1067, 31, '2024-09-19 14:06:19', 'paid', 0),
(1068, 31, '2024-09-19 14:06:19', 'paid', 0),
(1069, 31, '2024-09-19 14:06:19', 'paid', 0),
(1070, 31, '2024-09-19 14:06:19', 'paid', 0),
(1071, 31, '2024-09-19 14:06:19', 'paid', 0),
(1072, 31, '2024-09-19 14:06:19', 'paid', 0),
(1073, 31, '2024-09-19 14:06:19', 'paid', 0),
(1074, 31, '2024-09-19 14:06:19', 'paid', 0),
(1075, 31, '2024-09-19 14:06:19', 'paid', 0),
(1076, 31, '2024-09-19 14:06:19', 'paid', 0),
(1077, 31, '2024-09-19 14:06:19', 'paid', 0),
(1078, 31, '2024-09-19 14:06:19', 'paid', 0),
(1079, 31, '2024-09-19 14:06:19', 'paid', 0),
(1080, 31, '2024-09-19 14:06:19', 'paid', 0),
(1081, 31, '2024-09-19 14:06:19', 'paid', 0),
(1082, 31, '2024-09-19 14:06:19', 'paid', 0),
(1083, 31, '2024-09-19 14:06:19', 'paid', 0),
(1084, 31, '2024-09-19 14:06:19', 'paid', 0),
(1085, 31, '2024-09-19 14:06:19', 'paid', 0),
(1086, 31, '2024-09-19 14:06:19', 'paid', 0),
(1087, 31, '2024-09-19 14:06:19', 'paid', 0),
(1088, 31, '2024-09-19 14:06:19', 'paid', 0),
(1089, 31, '2024-09-19 14:06:19', 'paid', 0),
(1090, 31, '2024-09-19 14:06:19', 'paid', 0),
(1091, 31, '2024-09-19 14:06:19', 'paid', 0),
(1092, 31, '2024-09-19 14:06:19', 'paid', 0),
(1093, 31, '2024-09-19 14:06:19', 'paid', 0),
(1094, 31, '2024-09-19 14:06:19', 'paid', 0),
(1095, 31, '2024-09-19 14:06:19', 'paid', 0),
(1096, 31, '2024-09-19 14:06:19', 'paid', 0),
(1097, 31, '2024-09-19 14:06:19', 'paid', 0),
(1098, 31, '2024-09-19 14:06:19', 'paid', 0),
(1099, 31, '2024-09-19 14:06:19', 'paid', 0),
(1100, 31, '2024-09-19 14:06:19', 'paid', 0),
(1101, 31, '2024-09-19 14:06:19', 'paid', 0),
(1102, 31, '2024-09-19 14:06:19', 'paid', 0),
(1103, 31, '2024-09-19 14:06:19', 'paid', 0),
(1104, 31, '2024-09-19 14:06:19', 'paid', 0),
(1105, 31, '2024-09-19 14:06:19', 'paid', 0),
(1106, 31, '2024-09-19 14:06:19', 'paid', 0),
(1107, 31, '2024-09-19 14:06:19', 'paid', 0),
(1108, 31, '2024-09-19 14:06:19', 'paid', 0),
(1109, 31, '2024-09-19 14:06:19', 'paid', 0),
(1110, 31, '2024-09-19 14:06:19', 'paid', 0),
(1111, 31, '2024-09-19 14:06:19', 'paid', 0),
(1112, 31, '2024-09-19 14:06:19', 'paid', 0),
(1113, 31, '2024-09-19 14:06:19', 'paid', 0),
(1114, 31, '2024-09-19 14:06:19', 'paid', 0),
(1115, 31, '2024-09-19 14:06:19', 'paid', 0),
(1116, 31, '2024-09-19 14:06:19', 'paid', 0),
(1117, 31, '2024-09-19 14:06:19', 'paid', 0),
(1118, 31, '2024-09-19 14:06:19', 'paid', 0),
(1119, 31, '2024-09-19 14:06:19', 'paid', 0),
(1120, 31, '2024-09-19 14:06:19', 'paid', 0),
(1121, 31, '2024-09-19 14:06:19', 'paid', 0),
(1122, 31, '2024-09-19 14:06:19', 'paid', 0),
(1123, 31, '2024-09-19 14:06:19', 'paid', 0),
(1124, 31, '2024-09-19 14:06:19', 'paid', 0),
(1125, 31, '2024-09-19 14:06:19', 'paid', 0),
(1126, 31, '2024-09-19 14:06:19', 'paid', 0),
(1127, 31, '2024-09-19 14:06:19', 'paid', 0),
(1128, 31, '2024-09-19 14:06:19', 'paid', 0),
(1129, 31, '2024-09-19 14:06:19', 'paid', 0),
(1130, 31, '2024-09-19 14:06:19', 'paid', 0),
(1131, 31, '2024-09-19 14:06:19', 'paid', 0),
(1132, 31, '2024-09-19 14:06:19', 'paid', 0),
(1133, 31, '2024-09-19 14:06:19', 'paid', 0),
(1134, 31, '2024-09-19 14:06:19', 'paid', 0),
(1135, 31, '2024-09-19 14:06:19', 'paid', 0),
(1136, 31, '2024-09-19 14:06:19', 'paid', 0),
(1137, 31, '2024-09-19 14:06:19', 'paid', 0),
(1138, 31, '2024-09-19 14:06:19', 'paid', 0),
(1139, 31, '2024-09-19 14:06:19', 'paid', 0),
(1140, 31, '2024-09-19 14:06:19', 'paid', 0),
(1141, 31, '2024-09-19 14:06:19', 'paid', 0),
(1142, 31, '2024-09-19 14:06:19', 'paid', 0),
(1143, 31, '2024-09-19 14:06:19', 'paid', 0),
(1144, 31, '2024-09-19 14:06:19', 'paid', 0),
(1145, 31, '2024-09-19 14:06:19', 'paid', 0),
(1146, 31, '2024-09-19 14:06:19', 'paid', 0),
(1147, 31, '2024-09-19 14:06:19', 'paid', 0),
(1148, 31, '2024-09-19 14:06:19', 'paid', 0),
(1149, 31, '2024-09-19 14:06:19', 'paid', 0),
(1150, 31, '2024-09-19 14:06:19', 'paid', 0),
(1151, 31, '2024-09-19 14:06:19', 'paid', 0),
(1152, 31, '2024-09-19 14:06:19', 'paid', 0),
(1153, 31, '2024-09-19 14:06:19', 'paid', 0),
(1154, 31, '2024-09-19 14:06:19', 'paid', 0),
(1155, 31, '2024-09-19 14:06:19', 'paid', 0),
(1156, 31, '2024-09-19 14:06:19', 'paid', 0),
(1157, 31, '2024-09-19 14:06:19', 'paid', 0),
(1158, 31, '2024-09-19 14:06:19', 'paid', 0),
(1159, 31, '2024-09-19 14:06:19', 'paid', 0),
(1160, 31, '2024-09-19 14:06:19', 'paid', 0),
(1161, 31, '2024-09-19 14:06:19', 'paid', 0),
(1162, 31, '2024-09-19 14:06:19', 'paid', 0),
(1163, 31, '2024-09-19 14:06:19', 'paid', 0),
(1164, 31, '2024-09-19 14:06:19', 'paid', 0),
(1165, 31, '2024-09-19 14:06:19', 'paid', 0),
(1166, 31, '2024-09-19 14:06:19', 'paid', 0),
(1167, 31, '2024-09-19 14:06:19', 'paid', 0),
(1168, 31, '2024-09-19 14:06:19', 'paid', 0),
(1169, 31, '2024-09-19 14:06:19', 'paid', 0),
(1170, 31, '2024-09-19 14:06:19', 'paid', 0),
(1171, 31, '2024-09-19 14:06:19', 'paid', 0),
(1172, 31, '2024-09-19 14:06:19', 'paid', 0),
(1173, 31, '2024-09-19 14:06:19', 'paid', 0),
(1174, 31, '2024-09-19 14:06:19', 'paid', 0),
(1175, 31, '2024-09-19 14:06:19', 'paid', 0),
(1176, 31, '2024-09-19 14:06:19', 'paid', 0),
(1177, 31, '2024-09-19 14:06:19', 'paid', 0),
(1178, 31, '2024-09-19 14:06:19', 'paid', 0),
(1179, 31, '2024-09-19 14:06:19', 'paid', 0);
INSERT INTO `orders` (`order_id`, `customer_id`, `order_date`, `status`, `totalPrice`) VALUES
(1180, 31, '2024-09-19 14:06:19', 'paid', 0),
(1181, 31, '2024-09-19 14:06:19', 'paid', 0),
(1182, 31, '2024-09-19 14:06:19', 'paid', 0),
(1183, 31, '2024-09-19 14:06:20', 'paid', 0),
(1184, 31, '2024-09-19 14:06:20', 'paid', 0),
(1185, 31, '2024-09-19 14:06:20', 'paid', 0),
(1186, 31, '2024-09-19 14:06:20', 'paid', 0),
(1187, 31, '2024-09-19 14:06:20', 'paid', 0),
(1188, 31, '2024-09-19 14:06:20', 'paid', 0),
(1189, 31, '2024-09-19 14:06:20', 'paid', 0),
(1190, 31, '2024-09-19 14:06:20', 'paid', 0),
(1191, 31, '2024-09-19 14:06:20', 'paid', 0),
(1192, 31, '2024-09-19 14:06:20', 'paid', 0),
(1193, 31, '2024-09-19 14:06:20', 'paid', 0),
(1194, 31, '2024-09-19 14:06:20', 'paid', 0),
(1195, 31, '2024-09-19 14:06:20', 'paid', 0),
(1196, 31, '2024-09-19 14:06:20', 'paid', 0),
(1197, 31, '2024-09-19 14:06:20', 'paid', 0),
(1198, 31, '2024-09-19 14:06:20', 'paid', 0),
(1199, 31, '2024-09-19 14:06:20', 'paid', 0),
(1200, 31, '2024-09-19 14:06:20', 'paid', 0),
(1201, 31, '2024-09-19 14:06:20', 'paid', 0),
(1202, 31, '2024-09-19 14:06:20', 'paid', 0),
(1203, 31, '2024-09-19 14:06:20', 'paid', 0),
(1204, 31, '2024-09-19 14:06:20', 'paid', 0),
(1205, 31, '2024-09-19 14:06:20', 'paid', 0),
(1206, 31, '2024-09-19 14:06:20', 'paid', 0),
(1207, 31, '2024-09-19 14:06:20', 'paid', 0),
(1208, 31, '2024-09-19 14:06:20', 'paid', 0),
(1209, 31, '2024-09-19 14:06:20', 'paid', 0),
(1210, 31, '2024-09-19 14:06:20', 'paid', 0),
(1211, 31, '2024-09-19 14:06:20', 'paid', 0),
(1212, 31, '2024-09-19 14:06:20', 'paid', 0),
(1213, 31, '2024-09-19 14:06:20', 'paid', 0),
(1214, 31, '2024-09-19 14:06:20', 'paid', 0),
(1215, 31, '2024-09-19 14:06:20', 'paid', 0),
(1216, 31, '2024-09-19 14:06:20', 'paid', 0),
(1217, 31, '2024-09-19 14:06:20', 'paid', 0),
(1218, 31, '2024-09-19 14:06:20', 'paid', 0),
(1219, 31, '2024-09-19 14:06:20', 'paid', 0),
(1220, 31, '2024-09-19 14:06:20', 'paid', 0),
(1221, 31, '2024-09-19 14:06:20', 'paid', 0),
(1222, 31, '2024-09-19 14:06:20', 'paid', 0),
(1223, 31, '2024-09-19 14:06:20', 'paid', 0),
(1224, 31, '2024-09-19 14:06:20', 'paid', 0),
(1225, 31, '2024-09-19 14:06:20', 'paid', 0),
(1226, 31, '2024-09-19 14:06:20', 'paid', 0),
(1227, 31, '2024-09-19 14:06:20', 'paid', 0),
(1228, 31, '2024-09-19 14:06:20', 'paid', 0),
(1229, 31, '2024-09-19 14:06:20', 'paid', 0),
(1230, 31, '2024-09-19 14:06:20', 'paid', 0),
(1231, 31, '2024-09-19 14:06:20', 'paid', 0),
(1232, 31, '2024-09-19 14:06:20', 'paid', 0),
(1233, 31, '2024-09-19 14:06:20', 'paid', 0),
(1234, 31, '2024-09-19 14:06:20', 'paid', 0),
(1235, 31, '2024-09-19 14:06:20', 'paid', 0),
(1236, 31, '2024-09-19 14:06:20', 'paid', 0),
(1237, 31, '2024-09-19 14:06:20', 'paid', 0),
(1238, 31, '2024-09-19 14:06:20', 'paid', 0),
(1239, 31, '2024-09-19 14:06:20', 'paid', 0),
(1240, 31, '2024-09-19 14:06:20', 'paid', 0),
(1241, 31, '2024-09-19 14:06:20', 'paid', 0),
(1242, 31, '2024-09-19 14:06:20', 'paid', 0),
(1243, 31, '2024-09-19 14:06:20', 'paid', 0),
(1244, 31, '2024-09-19 14:06:20', 'paid', 0),
(1245, 31, '2024-09-19 14:06:20', 'paid', 0),
(1246, 31, '2024-09-19 14:06:20', 'paid', 0),
(1247, 31, '2024-09-19 14:06:20', 'paid', 0),
(1248, 31, '2024-09-19 14:06:20', 'paid', 0),
(1249, 31, '2024-09-19 14:06:20', 'paid', 0),
(1250, 31, '2024-09-19 14:06:20', 'paid', 0),
(1251, 31, '2024-09-19 14:06:20', 'paid', 0),
(1252, 31, '2024-09-19 14:06:20', 'paid', 0),
(1253, 31, '2024-09-19 14:06:20', 'paid', 0),
(1254, 31, '2024-09-19 14:06:20', 'paid', 0),
(1255, 31, '2024-09-19 14:06:20', 'paid', 0),
(1256, 31, '2024-09-19 14:06:20', 'paid', 0),
(1257, 31, '2024-09-19 14:06:20', 'paid', 0),
(1258, 31, '2024-09-19 14:06:20', 'paid', 0),
(1259, 31, '2024-09-19 14:06:20', 'paid', 0),
(1260, 31, '2024-09-19 14:06:20', 'paid', 0),
(1261, 31, '2024-09-19 14:06:20', 'paid', 0),
(1262, 31, '2024-09-19 14:06:20', 'paid', 0),
(1263, 31, '2024-09-19 14:06:20', 'paid', 0),
(1264, 31, '2024-09-19 14:06:20', 'paid', 0),
(1265, 31, '2024-09-19 14:06:20', 'paid', 0),
(1266, 31, '2024-09-19 14:06:20', 'paid', 0),
(1267, 31, '2024-09-19 14:06:20', 'paid', 0),
(1268, 31, '2024-09-19 14:06:20', 'paid', 0),
(1269, 31, '2024-09-19 14:06:20', 'paid', 0),
(1270, 31, '2024-09-19 14:06:20', 'paid', 0),
(1271, 31, '2024-09-19 14:06:20', 'paid', 0),
(1272, 31, '2024-09-19 14:06:20', 'paid', 0),
(1273, 31, '2024-09-19 14:06:20', 'paid', 0),
(1274, 31, '2024-09-19 14:06:20', 'paid', 0),
(1275, 31, '2024-09-19 14:06:20', 'paid', 0),
(1276, 31, '2024-09-19 14:06:20', 'paid', 0),
(1277, 31, '2024-09-19 14:06:20', 'paid', 0),
(1278, 31, '2024-09-19 14:06:20', 'paid', 0),
(1279, 31, '2024-09-19 14:06:20', 'paid', 0),
(1280, 31, '2024-09-19 14:06:20', 'paid', 0),
(1281, 31, '2024-09-19 14:06:20', 'paid', 0),
(1282, 31, '2024-09-19 14:06:20', 'paid', 0),
(1283, 31, '2024-09-19 14:06:20', 'paid', 0),
(1284, 31, '2024-09-19 14:06:20', 'paid', 0),
(1285, 31, '2024-09-19 14:06:20', 'paid', 0),
(1286, 31, '2024-09-19 14:06:20', 'paid', 0),
(1287, 31, '2024-09-19 14:06:20', 'paid', 0),
(1288, 31, '2024-09-19 14:06:20', 'paid', 0),
(1289, 31, '2024-09-19 14:06:20', 'paid', 0),
(1290, 31, '2024-09-19 14:06:20', 'paid', 0),
(1291, 31, '2024-09-19 14:06:20', 'paid', 0),
(1292, 31, '2024-09-19 14:06:20', 'paid', 0),
(1293, 31, '2024-09-19 14:06:20', 'paid', 0),
(1294, 31, '2024-09-19 14:06:20', 'paid', 0),
(1295, 31, '2024-09-19 14:06:20', 'paid', 0),
(1296, 31, '2024-09-19 14:06:20', 'paid', 0),
(1297, 31, '2024-09-19 14:06:20', 'paid', 0),
(1298, 31, '2024-09-19 14:06:20', 'paid', 0),
(1299, 31, '2024-09-19 14:06:21', 'paid', 0),
(1300, 31, '2024-09-19 14:06:25', 'paid', 0),
(1301, 31, '2024-09-19 14:06:26', 'paid', 0),
(1302, 31, '2024-09-19 14:06:26', 'paid', 0),
(1303, 31, '2024-09-19 14:06:26', 'paid', 0),
(1304, 31, '2024-09-19 14:06:26', 'paid', 0),
(1305, 31, '2024-09-19 14:06:26', 'paid', 0),
(1306, 31, '2024-09-19 14:06:26', 'paid', 0),
(1307, 31, '2024-09-19 14:06:26', 'paid', 0),
(1308, 31, '2024-09-19 14:06:26', 'paid', 0),
(1309, 31, '2024-09-19 14:06:26', 'paid', 0),
(1310, 31, '2024-09-19 14:06:26', 'paid', 0),
(1311, 31, '2024-09-19 14:06:26', 'paid', 0),
(1312, 31, '2024-09-19 14:06:26', 'paid', 0),
(1313, 31, '2024-09-19 14:06:26', 'paid', 0),
(1314, 31, '2024-09-19 14:06:26', 'paid', 0),
(1315, 31, '2024-09-19 14:06:26', 'paid', 0),
(1316, 31, '2024-09-19 14:06:26', 'paid', 0),
(1317, 31, '2024-09-19 14:06:26', 'paid', 0),
(1318, 31, '2024-09-19 14:06:26', 'paid', 0),
(1319, 31, '2024-09-19 14:06:26', 'paid', 0),
(1320, 31, '2024-09-19 14:06:26', 'paid', 0),
(1321, 31, '2024-09-19 14:06:26', 'paid', 0),
(1322, 31, '2024-09-19 14:06:26', 'paid', 0),
(1323, 31, '2024-09-19 14:06:26', 'paid', 0),
(1324, 31, '2024-09-19 14:06:26', 'paid', 0),
(1325, 31, '2024-09-19 14:06:26', 'paid', 0),
(1326, 31, '2024-09-19 14:06:26', 'paid', 0),
(1327, 31, '2024-09-19 14:06:26', 'paid', 0),
(1328, 31, '2024-09-19 14:06:26', 'paid', 0),
(1329, 31, '2024-09-19 14:06:26', 'paid', 0),
(1330, 31, '2024-09-19 14:06:26', 'paid', 0),
(1331, 31, '2024-09-19 14:06:26', 'paid', 0),
(1332, 31, '2024-09-19 14:06:26', 'paid', 0),
(1333, 31, '2024-09-19 14:06:26', 'paid', 0),
(1334, 31, '2024-09-19 14:06:26', 'paid', 0),
(1335, 31, '2024-09-19 14:06:26', 'paid', 0),
(1336, 31, '2024-09-19 14:06:26', 'paid', 0),
(1337, 31, '2024-09-19 14:06:26', 'paid', 0),
(1338, 31, '2024-09-19 14:06:26', 'paid', 0),
(1339, 31, '2024-09-19 14:06:26', 'paid', 0),
(1340, 31, '2024-09-19 14:06:26', 'paid', 0),
(1341, 31, '2024-09-19 14:06:26', 'paid', 0),
(1342, 31, '2024-09-19 14:06:26', 'paid', 0),
(1343, 31, '2024-09-19 14:06:26', 'paid', 0),
(1344, 31, '2024-09-19 14:06:26', 'paid', 0),
(1345, 31, '2024-09-19 14:06:26', 'paid', 0),
(1346, 31, '2024-09-19 14:06:26', 'paid', 0),
(1347, 31, '2024-09-19 14:06:26', 'paid', 0),
(1348, 31, '2024-09-19 14:06:26', 'paid', 0),
(1349, 31, '2024-09-19 14:06:26', 'paid', 0),
(1350, 31, '2024-09-19 14:06:26', 'paid', 0),
(1351, 31, '2024-09-19 14:06:26', 'paid', 0),
(1352, 31, '2024-09-19 14:06:26', 'paid', 0),
(1353, 31, '2024-09-19 14:06:26', 'paid', 0),
(1354, 31, '2024-09-19 14:06:26', 'paid', 0),
(1355, 31, '2024-09-19 14:06:26', 'paid', 0),
(1356, 31, '2024-09-19 14:06:26', 'paid', 0),
(1357, 31, '2024-09-19 14:06:26', 'paid', 0),
(1358, 31, '2024-09-19 14:06:26', 'paid', 0),
(1359, 31, '2024-09-19 14:06:26', 'paid', 0),
(1360, 31, '2024-09-19 14:06:26', 'paid', 0),
(1361, 31, '2024-09-19 14:06:26', 'paid', 0),
(1362, 31, '2024-09-19 14:06:26', 'paid', 0),
(1363, 31, '2024-09-19 14:06:26', 'paid', 0),
(1364, 31, '2024-09-19 14:06:26', 'paid', 0),
(1365, 31, '2024-09-19 14:06:26', 'paid', 0),
(1366, 31, '2024-09-19 14:06:26', 'paid', 0),
(1367, 31, '2024-09-19 14:06:26', 'paid', 0),
(1368, 31, '2024-09-19 14:06:26', 'paid', 0),
(1369, 31, '2024-09-19 14:06:26', 'paid', 0),
(1370, 31, '2024-09-19 14:06:26', 'paid', 0),
(1371, 31, '2024-09-19 14:06:26', 'paid', 0),
(1372, 31, '2024-09-19 14:06:26', 'paid', 0),
(1373, 31, '2024-09-19 14:06:26', 'paid', 0),
(1374, 31, '2024-09-19 14:06:26', 'paid', 0),
(1375, 31, '2024-09-19 14:06:26', 'paid', 0),
(1376, 31, '2024-09-19 14:06:26', 'paid', 0),
(1377, 31, '2024-09-19 14:06:26', 'paid', 0),
(1378, 31, '2024-09-19 14:06:26', 'paid', 0),
(1379, 31, '2024-09-19 14:06:26', 'paid', 0),
(1380, 31, '2024-09-19 14:06:26', 'paid', 0),
(1381, 31, '2024-09-19 14:06:26', 'paid', 0),
(1382, 31, '2024-09-19 14:06:26', 'paid', 0),
(1383, 31, '2024-09-19 14:06:26', 'paid', 0),
(1384, 31, '2024-09-19 14:06:26', 'paid', 0),
(1385, 31, '2024-09-19 14:06:26', 'paid', 0),
(1386, 31, '2024-09-19 14:06:26', 'paid', 0),
(1387, 31, '2024-09-19 14:06:26', 'paid', 0),
(1388, 31, '2024-09-19 14:06:26', 'paid', 0),
(1389, 31, '2024-09-19 14:06:26', 'paid', 0),
(1390, 31, '2024-09-19 14:06:26', 'paid', 0),
(1391, 31, '2024-09-19 14:06:26', 'paid', 0),
(1392, 31, '2024-09-19 14:06:26', 'paid', 0),
(1393, 31, '2024-09-19 14:06:26', 'paid', 0),
(1394, 31, '2024-09-19 14:06:26', 'paid', 0),
(1395, 31, '2024-09-19 14:06:26', 'paid', 0),
(1396, 31, '2024-09-19 14:06:26', 'paid', 0),
(1397, 31, '2024-09-19 14:06:26', 'paid', 0),
(1398, 31, '2024-09-19 14:06:26', 'paid', 0),
(1399, 31, '2024-09-19 14:06:26', 'paid', 0),
(1400, 31, '2024-09-19 14:06:26', 'paid', 0),
(1401, 31, '2024-09-19 14:06:26', 'paid', 0),
(1402, 31, '2024-09-19 14:06:26', 'paid', 0),
(1403, 31, '2024-09-19 14:06:26', 'paid', 0),
(1404, 31, '2024-09-19 14:06:26', 'paid', 0),
(1405, 31, '2024-09-19 14:06:26', 'paid', 0),
(1406, 31, '2024-09-19 14:06:26', 'paid', 0),
(1407, 31, '2024-09-19 14:06:26', 'paid', 0),
(1408, 31, '2024-09-19 14:06:26', 'paid', 0),
(1409, 31, '2024-09-19 14:06:26', 'paid', 0),
(1410, 31, '2024-09-19 14:06:26', 'paid', 0),
(1411, 31, '2024-09-19 14:06:26', 'paid', 0),
(1412, 31, '2024-09-19 14:06:26', 'paid', 0),
(1413, 31, '2024-09-19 14:06:26', 'paid', 0),
(1414, 31, '2024-09-19 14:06:26', 'paid', 0),
(1415, 31, '2024-09-19 14:06:26', 'paid', 0),
(1416, 31, '2024-09-19 14:06:26', 'paid', 0),
(1417, 31, '2024-09-19 14:06:26', 'paid', 0),
(1418, 31, '2024-09-19 14:06:26', 'paid', 0),
(1419, 31, '2024-09-19 14:06:26', 'paid', 0),
(1420, 31, '2024-09-19 14:06:26', 'paid', 0),
(1421, 31, '2024-09-19 14:06:26', 'paid', 0),
(1422, 31, '2024-09-19 14:06:26', 'paid', 0),
(1423, 31, '2024-09-19 14:06:26', 'paid', 0),
(1424, 31, '2024-09-19 14:06:26', 'paid', 0),
(1425, 31, '2024-09-19 14:06:26', 'paid', 0),
(1426, 31, '2024-09-19 14:06:26', 'paid', 0),
(1427, 31, '2024-09-19 14:06:26', 'paid', 0),
(1428, 31, '2024-09-19 14:06:26', 'paid', 0),
(1429, 31, '2024-09-19 14:06:26', 'paid', 0),
(1430, 31, '2024-09-19 14:06:26', 'paid', 0),
(1431, 31, '2024-09-19 14:06:26', 'paid', 0),
(1432, 31, '2024-09-19 14:06:26', 'paid', 0),
(1433, 31, '2024-09-19 14:06:26', 'paid', 0),
(1434, 31, '2024-09-19 14:06:26', 'paid', 0),
(1435, 31, '2024-09-19 14:06:26', 'paid', 0),
(1436, 31, '2024-09-19 14:06:26', 'paid', 0),
(1437, 31, '2024-09-19 14:06:26', 'paid', 0),
(1438, 31, '2024-09-19 14:06:26', 'paid', 0),
(1439, 31, '2024-09-19 14:06:26', 'paid', 0),
(1440, 31, '2024-09-19 14:06:26', 'paid', 0),
(1441, 31, '2024-09-19 14:06:26', 'paid', 0),
(1442, 31, '2024-09-19 14:06:26', 'paid', 0),
(1443, 31, '2024-09-19 14:06:27', 'paid', 0),
(1444, 31, '2024-09-19 14:06:27', 'paid', 0),
(1445, 31, '2024-09-19 14:06:27', 'paid', 0),
(1446, 31, '2024-09-19 14:06:27', 'paid', 0),
(1447, 31, '2024-09-19 14:06:27', 'paid', 0),
(1448, 31, '2024-09-19 14:06:27', 'paid', 0),
(1449, 31, '2024-09-19 14:06:27', 'paid', 0),
(1450, 31, '2024-09-19 14:06:27', 'paid', 0),
(1451, 31, '2024-09-19 14:06:27', 'paid', 0),
(1452, 31, '2024-09-19 14:06:27', 'paid', 0),
(1453, 31, '2024-09-19 14:06:27', 'paid', 0),
(1454, 31, '2024-09-19 14:06:27', 'paid', 0),
(1455, 31, '2024-09-19 14:06:27', 'paid', 0),
(1456, 31, '2024-09-19 14:06:27', 'paid', 0),
(1457, 31, '2024-09-19 14:06:27', 'paid', 0),
(1458, 31, '2024-09-19 14:06:27', 'paid', 0),
(1459, 31, '2024-09-19 14:06:27', 'paid', 0),
(1460, 31, '2024-09-19 14:06:27', 'paid', 0),
(1461, 31, '2024-09-19 14:06:27', 'paid', 0),
(1462, 31, '2024-09-19 14:06:27', 'paid', 0),
(1463, 31, '2024-09-19 14:06:27', 'paid', 0),
(1464, 31, '2024-09-19 14:06:27', 'paid', 0),
(1465, 31, '2024-09-19 14:06:27', 'paid', 0),
(1466, 31, '2024-09-19 14:06:27', 'paid', 0),
(1467, 31, '2024-09-19 14:06:27', 'paid', 0),
(1468, 31, '2024-09-19 14:06:27', 'paid', 0),
(1469, 31, '2024-09-19 14:06:27', 'paid', 0),
(1470, 31, '2024-09-19 14:06:27', 'paid', 0),
(1471, 31, '2024-09-19 14:06:27', 'paid', 0),
(1472, 31, '2024-09-19 14:06:27', 'paid', 0),
(1473, 31, '2024-09-19 14:06:27', 'paid', 0),
(1474, 31, '2024-09-19 14:06:27', 'paid', 0),
(1475, 31, '2024-09-19 14:06:27', 'paid', 0),
(1476, 31, '2024-09-19 14:06:27', 'paid', 0),
(1477, 31, '2024-09-19 14:06:27', 'paid', 0),
(1478, 31, '2024-09-19 14:06:27', 'paid', 0),
(1479, 31, '2024-09-19 14:06:27', 'paid', 0),
(1480, 31, '2024-09-19 14:06:27', 'paid', 0),
(1481, 31, '2024-09-19 14:06:27', 'paid', 0),
(1482, 31, '2024-09-19 14:06:27', 'paid', 0),
(1483, 31, '2024-09-19 14:06:27', 'paid', 0),
(1484, 31, '2024-09-19 14:06:27', 'paid', 0),
(1485, 31, '2024-09-19 14:06:27', 'paid', 0),
(1486, 31, '2024-09-19 14:06:27', 'paid', 0),
(1487, 31, '2024-09-19 14:06:27', 'paid', 0),
(1488, 31, '2024-09-19 14:06:27', 'paid', 0),
(1489, 31, '2024-09-19 14:06:27', 'paid', 0),
(1490, 31, '2024-09-19 14:06:27', 'paid', 0),
(1491, 31, '2024-09-19 14:06:27', 'paid', 0),
(1492, 31, '2024-09-19 14:06:27', 'paid', 0),
(1493, 31, '2024-09-19 14:06:27', 'paid', 0),
(1494, 31, '2024-09-19 14:06:27', 'paid', 0),
(1495, 31, '2024-09-19 14:06:27', 'paid', 0),
(1496, 31, '2024-09-19 14:06:27', 'paid', 0),
(1497, 31, '2024-09-19 14:06:27', 'paid', 0),
(1498, 31, '2024-09-19 14:06:27', 'paid', 0),
(1499, 31, '2024-09-19 14:06:27', 'paid', 0),
(1500, 31, '2024-09-19 14:06:27', 'paid', 0),
(1501, 31, '2024-09-19 14:06:27', 'paid', 0),
(1502, 31, '2024-09-19 14:06:27', 'paid', 0),
(1503, 31, '2024-09-19 14:06:27', 'paid', 0),
(1504, 31, '2024-09-19 14:06:27', 'paid', 0),
(1505, 31, '2024-09-19 14:06:27', 'paid', 0),
(1506, 31, '2024-09-19 14:06:27', 'paid', 0),
(1507, 31, '2024-09-19 14:06:27', 'paid', 0),
(1508, 31, '2024-09-19 14:06:27', 'paid', 0),
(1509, 31, '2024-09-19 14:06:27', 'paid', 0),
(1510, 31, '2024-09-19 14:06:27', 'paid', 0),
(1511, 31, '2024-09-19 14:06:27', 'paid', 0),
(1512, 31, '2024-09-19 14:06:27', 'paid', 0),
(1513, 31, '2024-09-19 14:06:27', 'paid', 0),
(1514, 31, '2024-09-19 14:06:27', 'paid', 0),
(1515, 31, '2024-09-19 14:06:27', 'paid', 0),
(1516, 31, '2024-09-19 14:06:27', 'paid', 0),
(1517, 31, '2024-09-19 14:06:27', 'paid', 0),
(1518, 31, '2024-09-19 14:06:27', 'paid', 0),
(1519, 31, '2024-09-19 14:06:27', 'paid', 0),
(1520, 31, '2024-09-19 14:06:27', 'paid', 0),
(1521, 31, '2024-09-19 14:06:27', 'paid', 0),
(1522, 31, '2024-09-19 14:06:27', 'paid', 0),
(1523, 31, '2024-09-19 14:06:27', 'paid', 0),
(1524, 31, '2024-09-19 14:06:27', 'paid', 0),
(1525, 31, '2024-09-19 14:06:27', 'paid', 0),
(1526, 31, '2024-09-19 14:06:27', 'paid', 0),
(1527, 31, '2024-09-19 14:06:27', 'paid', 0),
(1528, 31, '2024-09-19 14:06:27', 'paid', 0),
(1529, 31, '2024-09-19 14:06:27', 'paid', 0),
(1530, 31, '2024-09-19 14:06:27', 'paid', 0),
(1531, 31, '2024-09-19 14:06:27', 'paid', 0),
(1532, 31, '2024-09-19 14:06:27', 'paid', 0),
(1533, 31, '2024-09-19 14:06:27', 'paid', 0),
(1534, 31, '2024-09-19 14:06:27', 'paid', 0),
(1535, 31, '2024-09-19 14:06:27', 'paid', 0),
(1536, 31, '2024-09-19 14:06:27', 'paid', 0),
(1537, 31, '2024-09-19 14:06:27', 'paid', 0),
(1538, 31, '2024-09-19 14:06:27', 'paid', 0),
(1539, 31, '2024-09-19 14:06:27', 'paid', 0),
(1540, 31, '2024-09-19 14:06:27', 'paid', 0),
(1541, 31, '2024-09-19 14:06:27', 'paid', 0),
(1542, 31, '2024-09-19 14:06:27', 'paid', 0),
(1543, 31, '2024-09-19 14:06:27', 'paid', 0),
(1544, 31, '2024-09-19 14:06:27', 'paid', 0),
(1545, 31, '2024-09-19 14:06:27', 'paid', 0),
(1546, 31, '2024-09-19 14:06:27', 'paid', 0),
(1547, 31, '2024-09-19 14:06:27', 'paid', 0),
(1548, 31, '2024-09-19 14:06:27', 'paid', 0),
(1549, 31, '2024-09-19 14:06:27', 'paid', 0),
(1550, 31, '2024-09-19 14:06:27', 'paid', 0),
(1551, 31, '2024-09-19 14:06:27', 'paid', 0),
(1552, 31, '2024-09-19 14:06:27', 'paid', 0),
(1553, 31, '2024-09-19 14:06:27', 'paid', 0),
(1554, 31, '2024-09-19 14:06:27', 'paid', 0),
(1555, 31, '2024-09-19 14:06:27', 'paid', 0),
(1556, 31, '2024-09-19 14:06:27', 'paid', 0),
(1557, 31, '2024-09-19 14:06:27', 'paid', 0),
(1558, 31, '2024-09-19 14:06:27', 'paid', 0),
(1559, 31, '2024-09-19 14:06:27', 'paid', 0),
(1560, 31, '2024-09-19 14:06:27', 'paid', 0),
(1561, 31, '2024-09-19 14:06:27', 'paid', 0),
(1562, 31, '2024-09-19 14:06:27', 'paid', 0),
(1563, 31, '2024-09-19 14:06:27', 'paid', 0),
(1564, 31, '2024-09-19 14:06:27', 'paid', 0),
(1565, 31, '2024-09-19 14:06:27', 'paid', 0),
(1566, 31, '2024-09-19 14:06:27', 'paid', 0),
(1567, 31, '2024-09-19 14:06:27', 'paid', 0),
(1568, 31, '2024-09-19 14:06:27', 'paid', 0),
(1569, 31, '2024-09-19 14:06:27', 'paid', 0),
(1570, 31, '2024-09-19 14:06:27', 'paid', 0),
(1571, 31, '2024-09-19 14:06:27', 'paid', 0),
(1572, 31, '2024-09-19 14:06:27', 'paid', 0),
(1573, 31, '2024-09-19 14:06:27', 'paid', 0),
(1574, 31, '2024-09-19 14:06:27', 'paid', 0),
(1575, 31, '2024-09-19 14:06:27', 'paid', 0),
(1576, 31, '2024-09-19 14:06:27', 'paid', 0),
(1577, 31, '2024-09-19 14:06:27', 'paid', 0),
(1578, 31, '2024-09-19 14:06:27', 'paid', 0),
(1579, 31, '2024-09-19 14:06:27', 'paid', 0),
(1580, 31, '2024-09-19 14:06:27', 'paid', 0),
(1581, 31, '2024-09-19 14:06:27', 'paid', 0),
(1582, 31, '2024-09-19 14:06:27', 'paid', 0),
(1583, 31, '2024-09-19 14:06:27', 'paid', 0),
(1584, 31, '2024-09-19 14:06:27', 'paid', 0),
(1585, 31, '2024-09-19 14:06:27', 'paid', 0),
(1586, 31, '2024-09-19 14:06:27', 'paid', 0),
(1587, 31, '2024-09-19 14:06:27', 'paid', 0),
(1588, 31, '2024-09-19 14:06:27', 'paid', 0),
(1589, 31, '2024-09-19 14:06:27', 'paid', 0),
(1590, 31, '2024-09-19 14:06:27', 'paid', 0),
(1591, 31, '2024-09-19 14:06:27', 'paid', 0),
(1592, 31, '2024-09-19 14:06:27', 'paid', 0),
(1593, 31, '2024-09-19 14:06:27', 'paid', 0),
(1594, 31, '2024-09-19 14:06:27', 'paid', 0),
(1595, 31, '2024-09-19 14:06:27', 'paid', 0),
(1596, 31, '2024-09-19 14:06:27', 'paid', 0),
(1597, 31, '2024-09-19 14:06:27', 'paid', 0),
(1598, 31, '2024-09-19 14:06:27', 'paid', 0),
(1599, 31, '2024-09-19 14:06:27', 'paid', 0),
(1600, 31, '2024-09-19 14:06:27', 'paid', 0),
(1601, 31, '2024-09-19 14:06:27', 'paid', 0),
(1602, 31, '2024-09-19 14:06:27', 'paid', 0),
(1603, 31, '2024-09-19 14:06:27', 'paid', 0),
(1604, 31, '2024-09-19 14:06:27', 'paid', 0),
(1605, 31, '2024-09-19 14:06:27', 'paid', 0),
(1606, 31, '2024-09-19 14:06:27', 'paid', 0),
(1607, 31, '2024-09-19 14:06:27', 'paid', 0),
(1608, 31, '2024-09-19 14:06:27', 'paid', 0),
(1609, 31, '2024-09-19 14:06:27', 'paid', 0),
(1610, 31, '2024-09-19 14:06:27', 'paid', 0),
(1611, 31, '2024-09-19 14:06:27', 'paid', 0),
(1612, 31, '2024-09-19 14:06:27', 'paid', 0),
(1613, 31, '2024-09-19 14:06:27', 'paid', 0),
(1614, 31, '2024-09-19 14:06:27', 'paid', 0),
(1615, 31, '2024-09-19 14:06:27', 'paid', 0),
(1616, 31, '2024-09-19 14:06:27', 'paid', 0),
(1617, 31, '2024-09-19 14:06:27', 'paid', 0),
(1618, 31, '2024-09-19 14:06:27', 'paid', 0),
(1619, 31, '2024-09-19 14:06:27', 'paid', 0),
(1620, 31, '2024-09-19 14:06:27', 'paid', 0),
(1621, 31, '2024-09-19 14:06:27', 'paid', 0),
(1622, 31, '2024-09-19 14:06:27', 'paid', 0),
(1623, 31, '2024-09-19 14:06:27', 'paid', 0),
(1624, 31, '2024-09-19 14:06:27', 'paid', 0),
(1625, 31, '2024-09-19 14:06:27', 'paid', 0),
(1626, 31, '2024-09-19 14:06:27', 'paid', 0),
(1627, 31, '2024-09-19 14:06:27', 'paid', 0),
(1628, 31, '2024-09-19 14:06:27', 'paid', 0),
(1629, 31, '2024-09-19 14:06:27', 'paid', 0),
(1630, 31, '2024-09-19 14:06:27', 'paid', 0),
(1631, 31, '2024-09-19 14:06:27', 'paid', 0),
(1632, 31, '2024-09-19 14:06:27', 'paid', 0),
(1633, 31, '2024-09-19 14:06:27', 'paid', 0),
(1634, 31, '2024-09-19 14:06:27', 'paid', 0),
(1635, 31, '2024-09-19 14:06:27', 'paid', 0),
(1636, 31, '2024-09-19 14:06:27', 'paid', 0),
(1637, 31, '2024-09-19 14:06:27', 'paid', 0),
(1638, 31, '2024-09-19 14:06:27', 'paid', 0),
(1639, 31, '2024-09-19 14:06:27', 'paid', 0),
(1640, 31, '2024-09-19 14:06:27', 'paid', 0),
(1641, 31, '2024-09-19 14:06:27', 'paid', 0),
(1642, 31, '2024-09-19 14:06:27', 'paid', 0),
(1643, 31, '2024-09-19 14:06:27', 'paid', 0),
(1644, 31, '2024-09-19 14:06:27', 'paid', 0),
(1645, 31, '2024-09-19 14:06:27', 'paid', 0),
(1646, 31, '2024-09-19 14:06:27', 'paid', 0),
(1647, 31, '2024-09-19 14:06:27', 'paid', 0),
(1648, 31, '2024-09-19 14:06:27', 'paid', 0),
(1649, 31, '2024-09-19 14:06:27', 'paid', 0),
(1650, 31, '2024-09-19 14:06:27', 'paid', 0),
(1651, 31, '2024-09-19 14:06:27', 'paid', 0),
(1652, 31, '2024-09-19 14:06:27', 'paid', 0),
(1653, 31, '2024-09-19 14:06:27', 'paid', 0),
(1654, 31, '2024-09-19 14:06:27', 'paid', 0),
(1655, 31, '2024-09-19 14:06:27', 'paid', 0),
(1656, 31, '2024-09-19 14:06:27', 'paid', 0),
(1657, 31, '2024-09-19 14:06:27', 'paid', 0),
(1658, 31, '2024-09-19 14:06:27', 'paid', 0),
(1659, 31, '2024-09-19 14:06:27', 'paid', 0),
(1660, 31, '2024-09-19 14:06:27', 'paid', 0),
(1661, 31, '2024-09-19 14:06:27', 'paid', 0),
(1662, 31, '2024-09-19 14:06:27', 'paid', 0),
(1663, 31, '2024-09-19 14:06:27', 'paid', 0),
(1664, 31, '2024-09-19 14:06:27', 'paid', 0),
(1665, 31, '2024-09-19 14:06:27', 'paid', 0),
(1666, 31, '2024-09-19 14:06:27', 'paid', 0),
(1667, 31, '2024-09-19 14:06:27', 'paid', 0),
(1668, 31, '2024-09-19 14:06:27', 'paid', 0),
(1669, 31, '2024-09-19 14:06:27', 'paid', 0),
(1670, 31, '2024-09-19 14:06:27', 'paid', 0),
(1671, 31, '2024-09-19 14:06:27', 'paid', 0),
(1672, 31, '2024-09-19 14:06:27', 'paid', 0),
(1673, 31, '2024-09-19 14:06:27', 'paid', 0),
(1674, 31, '2024-09-19 14:06:27', 'paid', 0),
(1675, 31, '2024-09-19 14:06:27', 'paid', 0),
(1676, 31, '2024-09-19 14:06:27', 'paid', 0),
(1677, 31, '2024-09-19 14:06:27', 'paid', 0),
(1678, 31, '2024-09-19 14:06:27', 'paid', 0),
(1679, 31, '2024-09-19 14:06:27', 'paid', 0),
(1680, 31, '2024-09-19 14:06:27', 'paid', 0),
(1681, 31, '2024-09-19 14:06:27', 'paid', 0),
(1682, 31, '2024-09-19 14:06:27', 'paid', 0),
(1683, 31, '2024-09-19 14:06:27', 'paid', 0),
(1684, 31, '2024-09-19 14:06:27', 'paid', 0),
(1685, 31, '2024-09-19 14:06:27', 'paid', 0),
(1686, 31, '2024-09-19 14:06:27', 'paid', 0),
(1687, 31, '2024-09-19 14:06:27', 'paid', 0),
(1688, 31, '2024-09-19 14:06:27', 'paid', 0),
(1689, 31, '2024-09-19 14:06:27', 'paid', 0),
(1690, 31, '2024-09-19 14:06:27', 'paid', 0),
(1691, 31, '2024-09-19 14:06:27', 'paid', 0),
(1692, 31, '2024-09-19 14:06:27', 'paid', 0),
(1693, 31, '2024-09-19 14:06:27', 'paid', 0),
(1694, 31, '2024-09-19 14:06:28', 'paid', 0),
(1695, 31, '2024-09-19 14:06:28', 'paid', 0),
(1696, 31, '2024-09-19 14:06:28', 'paid', 0),
(1697, 31, '2024-09-19 14:06:28', 'paid', 0),
(1698, 31, '2024-09-19 14:06:28', 'paid', 0),
(1699, 31, '2024-09-19 14:06:28', 'paid', 0),
(1700, 31, '2024-09-19 14:06:28', 'paid', 0),
(1701, 31, '2024-09-19 14:06:28', 'paid', 0),
(1702, 31, '2024-09-19 14:06:28', 'paid', 0),
(1703, 31, '2024-09-19 14:06:28', 'paid', 0),
(1704, 31, '2024-09-19 14:06:28', 'paid', 0),
(1705, 31, '2024-09-19 14:06:28', 'paid', 0),
(1706, 31, '2024-09-19 14:06:28', 'paid', 0),
(1707, 31, '2024-09-19 14:06:28', 'paid', 0),
(1708, 31, '2024-09-19 14:06:28', 'paid', 0),
(1709, 31, '2024-09-19 14:06:28', 'paid', 0),
(1710, 31, '2024-09-19 14:06:28', 'paid', 0),
(1711, 31, '2024-09-19 14:06:28', 'paid', 0),
(1712, 31, '2024-09-19 14:06:28', 'paid', 0),
(1713, 31, '2024-09-19 14:06:28', 'paid', 0),
(1714, 31, '2024-09-19 14:06:28', 'paid', 0),
(1715, 31, '2024-09-19 14:06:28', 'paid', 0),
(1716, 31, '2024-09-19 14:06:28', 'paid', 0),
(1717, 31, '2024-09-19 14:06:28', 'paid', 0),
(1718, 31, '2024-09-19 14:06:28', 'paid', 0),
(1719, 31, '2024-09-19 14:06:28', 'paid', 0),
(1720, 31, '2024-09-19 14:06:28', 'paid', 0),
(1721, 31, '2024-09-19 14:06:28', 'paid', 0),
(1722, 31, '2024-09-19 14:06:28', 'paid', 0),
(1723, 31, '2024-09-19 14:06:28', 'paid', 0),
(1724, 31, '2024-09-19 14:06:28', 'paid', 0),
(1725, 31, '2024-09-19 14:06:28', 'paid', 0),
(1726, 31, '2024-09-19 14:06:28', 'paid', 0),
(1727, 31, '2024-09-19 14:06:28', 'paid', 0),
(1728, 31, '2024-09-19 14:06:28', 'paid', 0),
(1729, 31, '2024-09-19 14:06:28', 'paid', 0),
(1730, 31, '2024-09-19 14:06:28', 'paid', 0),
(1731, 31, '2024-09-19 14:06:28', 'paid', 0),
(1732, 31, '2024-09-19 14:06:28', 'paid', 0),
(1733, 31, '2024-09-19 14:06:28', 'paid', 0),
(1734, 31, '2024-09-19 14:06:28', 'paid', 0),
(1735, 31, '2024-09-19 14:06:28', 'paid', 0),
(1736, 31, '2024-09-19 14:06:28', 'paid', 0),
(1737, 31, '2024-09-19 14:06:28', 'paid', 0),
(1738, 31, '2024-09-19 14:06:28', 'paid', 0),
(1739, 31, '2024-09-19 14:06:28', 'paid', 0),
(1740, 31, '2024-09-19 14:06:28', 'paid', 0),
(1741, 31, '2024-09-19 14:06:28', 'paid', 0),
(1742, 31, '2024-09-19 14:06:28', 'paid', 0),
(1743, 31, '2024-09-19 14:06:28', 'paid', 0),
(1744, 31, '2024-09-19 14:06:28', 'paid', 0),
(1745, 31, '2024-09-19 14:06:28', 'paid', 0),
(1746, 31, '2024-09-19 14:06:28', 'paid', 0),
(1747, 31, '2024-09-19 14:06:28', 'paid', 0),
(1748, 31, '2024-09-19 14:06:28', 'paid', 0),
(1749, 31, '2024-09-19 14:06:28', 'paid', 0),
(1750, 31, '2024-09-19 14:06:28', 'paid', 0),
(1751, 31, '2024-09-19 14:06:28', 'paid', 0),
(1752, 31, '2024-09-19 14:06:28', 'paid', 0),
(1753, 31, '2024-09-19 14:06:28', 'paid', 0),
(1754, 31, '2024-09-19 14:06:28', 'paid', 0),
(1755, 31, '2024-09-19 14:06:28', 'paid', 0),
(1756, 31, '2024-09-19 14:06:28', 'paid', 0),
(1757, 31, '2024-09-19 14:06:28', 'paid', 0),
(1758, 31, '2024-09-19 14:06:28', 'paid', 0),
(1759, 31, '2024-09-19 14:06:28', 'paid', 0),
(1760, 31, '2024-09-19 14:06:28', 'paid', 0),
(1761, 31, '2024-09-19 14:06:28', 'paid', 0),
(1762, 31, '2024-09-19 14:06:28', 'paid', 0),
(1763, 31, '2024-09-19 14:06:28', 'paid', 0),
(1764, 31, '2024-09-19 14:06:28', 'paid', 0),
(1765, 31, '2024-09-19 14:06:28', 'paid', 0),
(1766, 31, '2024-09-19 14:06:28', 'paid', 0),
(1767, 31, '2024-09-19 14:06:28', 'paid', 0),
(1768, 31, '2024-09-19 14:06:28', 'paid', 0),
(1769, 31, '2024-09-19 14:06:28', 'paid', 0),
(1770, 31, '2024-09-19 14:06:28', 'paid', 0),
(1771, 31, '2024-09-19 14:06:28', 'paid', 0),
(1772, 31, '2024-09-19 14:06:28', 'paid', 0),
(1773, 31, '2024-09-19 14:06:28', 'paid', 0),
(1774, 31, '2024-09-19 14:06:28', 'paid', 0),
(1775, 31, '2024-09-19 14:06:28', 'paid', 0),
(1776, 31, '2024-09-19 14:06:28', 'paid', 0),
(1777, 31, '2024-09-19 14:06:28', 'paid', 0),
(1778, 31, '2024-09-19 14:06:28', 'paid', 0),
(1779, 31, '2024-09-19 14:06:28', 'paid', 0),
(1780, 31, '2024-09-19 14:06:28', 'paid', 0),
(1781, 31, '2024-09-19 14:06:28', 'paid', 0),
(1782, 31, '2024-09-19 14:06:28', 'paid', 0),
(1783, 31, '2024-09-19 14:06:28', 'paid', 0),
(1784, 31, '2024-09-19 14:06:28', 'paid', 0),
(1785, 31, '2024-09-19 14:06:28', 'paid', 0),
(1786, 31, '2024-09-19 14:06:28', 'paid', 0),
(1787, 31, '2024-09-19 14:06:28', 'paid', 0),
(1788, 31, '2024-09-19 14:06:28', 'paid', 0),
(1789, 31, '2024-09-19 14:06:28', 'paid', 0),
(1790, 31, '2024-09-19 14:06:28', 'paid', 0),
(1791, 31, '2024-09-19 14:06:28', 'paid', 0),
(1792, 31, '2024-09-19 14:06:28', 'paid', 0),
(1793, 31, '2024-09-19 14:06:28', 'paid', 0),
(1794, 31, '2024-09-19 14:06:28', 'paid', 0),
(1795, 31, '2024-09-19 14:06:28', 'paid', 0),
(1796, 31, '2024-09-19 14:06:28', 'paid', 0),
(1797, 31, '2024-09-19 14:06:28', 'paid', 0),
(1798, 31, '2024-09-19 14:06:28', 'paid', 0),
(1799, 31, '2024-09-19 14:06:28', 'paid', 0),
(1800, 31, '2024-09-19 14:06:28', 'paid', 0),
(1801, 31, '2024-09-19 14:06:28', 'paid', 0),
(1802, 31, '2024-09-19 14:06:28', 'paid', 0),
(1803, 31, '2024-09-19 14:06:28', 'paid', 0),
(1804, 31, '2024-09-19 14:06:28', 'paid', 0),
(1805, 31, '2024-09-19 14:06:28', 'paid', 0),
(1806, 31, '2024-09-19 14:06:28', 'paid', 0),
(1807, 31, '2024-09-19 14:06:28', 'paid', 0),
(1808, 31, '2024-09-19 14:06:28', 'paid', 0),
(1809, 31, '2024-09-19 14:06:28', 'paid', 0),
(1810, 31, '2024-09-19 14:06:28', 'paid', 0),
(1811, 31, '2024-09-19 14:06:28', 'paid', 0),
(1812, 31, '2024-09-19 14:06:28', 'paid', 0),
(1813, 31, '2024-09-19 14:06:28', 'paid', 0),
(1814, 31, '2024-09-19 14:06:28', 'paid', 0),
(1815, 31, '2024-09-19 14:06:28', 'paid', 0),
(1816, 31, '2024-09-19 14:06:28', 'paid', 0),
(1817, 31, '2024-09-19 14:06:28', 'paid', 0),
(1818, 31, '2024-09-19 14:06:28', 'paid', 0),
(1819, 31, '2024-09-19 14:14:15', 'paid', 188),
(1820, 31, '2024-09-19 16:46:39', 'paid', 0),
(1821, 31, '2024-09-19 16:46:39', 'paid', 0),
(1822, 31, '2024-09-19 16:46:39', 'paid', 0),
(1823, 31, '2024-09-19 16:46:39', 'paid', 0),
(1824, 31, '2024-09-19 16:46:39', 'paid', 0),
(1825, 31, '2024-09-19 16:46:39', 'paid', 0),
(1826, 31, '2024-09-19 16:46:39', 'paid', 0),
(1827, 31, '2024-09-19 16:46:39', 'paid', 0),
(1828, 31, '2024-09-19 16:46:44', 'paid', 0),
(1829, 31, '2024-09-19 16:46:44', 'paid', 0),
(1830, 31, '2024-09-19 16:46:44', 'paid', 0),
(1831, 31, '2024-09-19 16:46:44', 'paid', 0),
(1832, 31, '2024-09-19 16:46:45', 'paid', 0),
(1833, 31, '2024-09-19 16:46:45', 'paid', 0),
(1834, 31, '2024-09-19 16:46:45', 'paid', 0),
(1835, 31, '2024-09-19 16:46:45', 'paid', 0),
(1836, 31, '2024-09-19 16:46:46', 'paid', 0),
(1837, 31, '2024-09-19 16:46:46', 'paid', 0),
(1838, 31, '2024-09-19 16:46:46', 'paid', 0),
(1839, 31, '2024-09-19 16:46:46', 'paid', 0),
(1840, 31, '2024-09-19 16:46:46', 'paid', 0),
(1841, 31, '2024-09-19 16:46:46', 'paid', 0),
(1842, 31, '2024-09-19 16:46:46', 'paid', 0),
(1843, 31, '2024-09-19 16:46:46', 'paid', 0),
(1844, 31, '2024-09-19 16:46:46', 'paid', 0),
(1845, 31, '2024-09-19 16:46:46', 'paid', 0),
(1846, 31, '2024-09-19 16:46:46', 'paid', 0),
(1847, 31, '2024-09-19 16:46:46', 'paid', 0),
(1848, 31, '2024-09-19 16:46:46', 'paid', 0),
(1849, 31, '2024-09-19 16:46:46', 'paid', 0),
(1850, 31, '2024-09-19 16:46:46', 'paid', 0),
(1851, 31, '2024-09-19 16:46:46', 'paid', 0),
(1852, 31, '2024-09-19 16:46:46', 'paid', 0),
(1853, 31, '2024-09-19 16:46:46', 'paid', 0),
(1854, 31, '2024-09-19 16:46:46', 'paid', 0),
(1855, 31, '2024-09-19 16:46:46', 'paid', 0),
(1856, 31, '2024-09-19 16:46:46', 'paid', 0),
(1857, 31, '2024-09-19 16:46:46', 'paid', 0),
(1858, 31, '2024-09-19 16:46:46', 'paid', 0),
(1859, 31, '2024-09-19 16:46:46', 'paid', 0),
(1860, 31, '2024-09-19 16:46:46', 'paid', 0),
(1861, 31, '2024-09-19 16:46:46', 'paid', 0),
(1862, 31, '2024-09-19 16:46:46', 'paid', 0),
(1863, 31, '2024-09-19 16:46:46', 'paid', 0),
(1864, 31, '2024-09-19 16:46:47', 'paid', 0),
(1865, 31, '2024-09-19 16:46:47', 'paid', 0),
(1866, 31, '2024-09-19 16:46:47', 'paid', 0),
(1867, 31, '2024-09-19 16:46:47', 'paid', 0),
(1868, 31, '2024-09-19 16:46:47', 'paid', 0),
(1869, 31, '2024-09-19 16:46:47', 'paid', 0),
(1870, 31, '2024-09-19 16:46:47', 'paid', 0),
(1871, 31, '2024-09-19 16:46:47', 'paid', 0),
(1872, 31, '2024-09-19 16:46:48', 'paid', 0),
(1873, 31, '2024-09-19 16:46:48', 'paid', 0),
(1874, 31, '2024-09-19 16:46:48', 'paid', 0),
(1875, 31, '2024-09-19 16:46:48', 'paid', 0),
(1876, 31, '2024-09-19 16:46:48', 'paid', 0),
(1877, 31, '2024-09-19 16:46:48', 'paid', 0),
(1878, 31, '2024-09-19 16:46:48', 'paid', 0),
(1879, 31, '2024-09-19 16:46:48', 'paid', 0),
(1880, 31, '2024-09-19 16:46:48', 'paid', 0),
(1881, 31, '2024-09-19 16:46:48', 'paid', 0),
(1882, 31, '2024-09-19 16:46:48', 'paid', 0),
(1883, 31, '2024-09-19 16:46:48', 'paid', 0),
(1884, 31, '2024-09-19 16:46:48', 'paid', 0),
(1885, 31, '2024-09-19 16:46:48', 'paid', 0),
(1886, 31, '2024-09-19 16:46:48', 'paid', 0),
(1887, 31, '2024-09-19 16:46:48', 'paid', 0),
(1888, 31, '2024-09-19 16:46:48', 'paid', 0),
(1889, 31, '2024-09-19 16:46:48', 'paid', 0),
(1890, 31, '2024-09-19 16:46:48', 'paid', 0),
(1891, 31, '2024-09-19 16:46:48', 'paid', 0),
(1892, 31, '2024-09-19 16:46:52', 'paid', 0),
(1893, 31, '2024-09-19 16:46:52', 'paid', 0),
(1894, 31, '2024-09-19 16:46:52', 'paid', 0),
(1895, 31, '2024-09-19 16:46:52', 'paid', 0),
(1896, 31, '2024-09-19 16:46:52', 'paid', 0),
(1897, 31, '2024-09-19 16:46:52', 'paid', 0),
(1898, 31, '2024-09-19 16:46:54', 'paid', 0),
(1899, 31, '2024-09-19 16:46:54', 'paid', 0),
(1900, 31, '2024-09-19 16:46:54', 'paid', 0),
(1901, 31, '2024-09-19 16:46:54', 'paid', 0),
(1902, 31, '2024-09-19 16:46:54', 'paid', 0),
(1903, 31, '2024-09-19 16:46:54', 'paid', 0),
(1904, 31, '2024-09-19 16:46:54', 'paid', 0),
(1905, 31, '2024-09-19 16:46:54', 'paid', 0),
(1906, 31, '2024-09-19 18:48:04', 'paid', 613);

-- --------------------------------------------------------

--
-- Table structure for table `orders_food`
--

CREATE TABLE `orders_food` (
  `id` int(11) NOT NULL,
  `order_id` int(100) UNSIGNED NOT NULL,
  `food_id` int(50) UNSIGNED NOT NULL,
  `quantity` int(11) NOT NULL,
  `size` varchar(100) NOT NULL,
  `addons` varchar(255) NOT NULL
) ENGINE=InnoDB DEFAULT CHARSET=utf8mb4 COLLATE=utf8mb4_general_ci;

--
-- Dumping data for table `orders_food`
--

INSERT INTO `orders_food` (`id`, `order_id`, `food_id`, `quantity`, `size`, `addons`) VALUES
(80, 60, 18, 1, 'Medium', 'chard (59),test (20),cheesesabinimam (59)'),
(81, 62, 19, 1, 'Medium', 'test (20),test (59),cheesesabinimam (59),cheesesabinimam (50),test-bibingka (79)'),
(82, 62, 18, 1, 'Medium', 'taengkambing (59),chard (59),test (20),cheesesabinimam (59)'),
(84, 1819, 19, 1, 'Large', 'test (20),test (59),cheesesabinimam (50)'),
(85, 1820, 18, 1, 'Medium', 'taengkambing (59),chard (59),test (20),cheesesabinimam (59),cheesesabinimam (50)'),
(86, 1820, 18, 1, 'Large', 'taengkambing (59),chard (59),cheesesabinimam (59),test (20)'),
(88, 1821, 18, 1, 'Medium', 'taengkambing (59),chard (59),test (20),cheesesabinimam (59),cheesesabinimam (50)'),
(89, 1821, 18, 1, 'Large', 'taengkambing (59),chard (59),cheesesabinimam (59),test (20)'),
(91, 1906, 19, 3, '', 'test (59),cheesesabinimam (59),cheesesabinimam (50)'),
(92, 1906, 24, 1, '', 'test (59),cheesesabinimam (50)');

-- --------------------------------------------------------

--
-- Table structure for table `order_addons`
--

CREATE TABLE `order_addons` (
  `id` int(11) UNSIGNED NOT NULL,
  `order_id` int(11) UNSIGNED NOT NULL,
  `addon_id` int(11) UNSIGNED NOT NULL,
  `quantity` int(11) NOT NULL
) ENGINE=InnoDB DEFAULT CHARSET=utf8mb4 COLLATE=utf8mb4_general_ci;

-- --------------------------------------------------------

--
-- Table structure for table `user`
--

CREATE TABLE `user` (
  `id` int(100) UNSIGNED NOT NULL,
  `name` varchar(255) NOT NULL,
  `email` varchar(255) NOT NULL,
  `password` varchar(255) NOT NULL,
  `address` varchar(255) NOT NULL,
  `role` enum('user','admin') DEFAULT 'user',
  `created_at` timestamp NOT NULL DEFAULT current_timestamp(),
  `updated_at` timestamp NOT NULL DEFAULT current_timestamp() ON UPDATE current_timestamp(),
  `verification_token` varchar(255) NOT NULL,
  `verified` varchar(250) NOT NULL DEFAULT 'false',
  `pnum` varchar(50) NOT NULL
) ENGINE=InnoDB DEFAULT CHARSET=utf8mb4 COLLATE=utf8mb4_general_ci;

--
-- Dumping data for table `user`
--

INSERT INTO `user` (`id`, `name`, `email`, `password`, `address`, `role`, `created_at`, `updated_at`, `verification_token`, `verified`, `pnum`) VALUES
(29, 'chardsd', 'cilayap482@modotso.com', '$2b$10$/Zy8Kp69PUPEfsaEbUvdFuMl2Hes3J05Kjd3SSWEJE0b1eoaMOZ8G', 'hello 214sd', 'user', '2024-07-23 08:10:42', '2024-07-23 08:15:03', '49hl4jgopk', 'true', ''),
(30, 'dagangbukid', 'fobedo2401@reebsd.com', '$2b$10$LQfRgTYjqCoUngDsW9sQM.6lKfNq21fEMzVTh6ydb6Orj8uJqQxg.', 'DYAN LANG', 'user', '2024-07-23 08:20:10', '2024-07-23 08:20:10', 'cn0d0eco8k', 'false', ''),
(31, 'chardgrey', 'cardosarichard@gmail.com', '$2b$10$2CfKaulWCdIfErdXWtxDz.J5PC2CYidnxPHi2sWv822mG8lWKcdmu', 'Blk 99 Lot 99 Dasmarinas Cavite', 'user', '2024-07-24 05:20:33', '2024-07-24 05:21:06', '254kh7vd2k', 'true', '');

--
-- Indexes for dumped tables
--

--
-- Indexes for table `addons`
--
ALTER TABLE `addons`
  ADD PRIMARY KEY (`id`);

--
-- Indexes for table `admin`
--
ALTER TABLE `admin`
  ADD PRIMARY KEY (`id`);

--
-- Indexes for table `cart`
--
ALTER TABLE `cart`
  ADD PRIMARY KEY (`id`),
  ADD KEY `Cart_owner` (`user_id`);

--
-- Indexes for table `cart_items`
--
ALTER TABLE `cart_items`
  ADD PRIMARY KEY (`id`),
  ADD KEY `food_id` (`food_id`),
  ADD KEY `user_id` (`user_id`),
  ADD KEY `addons_id` (`addons`);

--
-- Indexes for table `category`
--
ALTER TABLE `category`
  ADD PRIMARY KEY (`id`);

--
-- Indexes for table `cms`
--
ALTER TABLE `cms`
  ADD PRIMARY KEY (`id`);

--
-- Indexes for table `cms_pages`
--
ALTER TABLE `cms_pages`
  ADD PRIMARY KEY (`id`);

--
-- Indexes for table `faq_cms`
--
ALTER TABLE `faq_cms`
  ADD PRIMARY KEY (`id`);

--
-- Indexes for table `foods`
--
ALTER TABLE `foods`
  ADD PRIMARY KEY (`id`),
  ADD KEY `FK_category_id` (`category_id`);

--
-- Indexes for table `food_sizes`
--
ALTER TABLE `food_sizes`
  ADD PRIMARY KEY (`id`),
  ADD KEY `FK_food_size` (`food_id`);

--
-- Indexes for table `orders`
--
ALTER TABLE `orders`
  ADD PRIMARY KEY (`order_id`),
  ADD KEY `Fk_user_id` (`customer_id`);

--
-- Indexes for table `orders_food`
--
ALTER TABLE `orders_food`
  ADD PRIMARY KEY (`id`),
  ADD KEY `FK_Order_id` (`order_id`),
  ADD KEY `FK_Foods_id` (`food_id`);

--
-- Indexes for table `order_addons`
--
ALTER TABLE `order_addons`
  ADD PRIMARY KEY (`id`),
  ADD KEY `fk_addons_order` (`order_id`),
  ADD KEY `fk_addons_id` (`addon_id`);

--
-- Indexes for table `user`
--
ALTER TABLE `user`
  ADD PRIMARY KEY (`id`);

--
-- AUTO_INCREMENT for dumped tables
--

--
-- AUTO_INCREMENT for table `addons`
--
ALTER TABLE `addons`
  MODIFY `id` int(11) UNSIGNED NOT NULL AUTO_INCREMENT, AUTO_INCREMENT=8;

--
-- AUTO_INCREMENT for table `admin`
--
ALTER TABLE `admin`
  MODIFY `id` int(11) NOT NULL AUTO_INCREMENT, AUTO_INCREMENT=2;

--
-- AUTO_INCREMENT for table `cart`
--
ALTER TABLE `cart`
  MODIFY `id` int(11) NOT NULL AUTO_INCREMENT, AUTO_INCREMENT=15;

--
-- AUTO_INCREMENT for table `cart_items`
--
ALTER TABLE `cart_items`
  MODIFY `id` int(11) NOT NULL AUTO_INCREMENT, AUTO_INCREMENT=107;

--
-- AUTO_INCREMENT for table `category`
--
ALTER TABLE `category`
  MODIFY `id` int(50) UNSIGNED NOT NULL AUTO_INCREMENT, AUTO_INCREMENT=27;

--
-- AUTO_INCREMENT for table `cms`
--
ALTER TABLE `cms`
  MODIFY `id` int(11) NOT NULL AUTO_INCREMENT;

--
-- AUTO_INCREMENT for table `cms_pages`
--
ALTER TABLE `cms_pages`
  MODIFY `id` int(10) UNSIGNED NOT NULL AUTO_INCREMENT, AUTO_INCREMENT=17;

--
-- AUTO_INCREMENT for table `faq_cms`
--
ALTER TABLE `faq_cms`
  MODIFY `id` int(10) UNSIGNED NOT NULL AUTO_INCREMENT;

--
-- AUTO_INCREMENT for table `foods`
--
ALTER TABLE `foods`
  MODIFY `id` int(50) UNSIGNED NOT NULL AUTO_INCREMENT, AUTO_INCREMENT=110;

--
-- AUTO_INCREMENT for table `food_sizes`
--
ALTER TABLE `food_sizes`
  MODIFY `id` int(11) NOT NULL AUTO_INCREMENT, AUTO_INCREMENT=174;

--
-- AUTO_INCREMENT for table `orders`
--
ALTER TABLE `orders`
  MODIFY `order_id` int(100) UNSIGNED NOT NULL AUTO_INCREMENT, AUTO_INCREMENT=1907;

--
-- AUTO_INCREMENT for table `orders_food`
--
ALTER TABLE `orders_food`
  MODIFY `id` int(11) NOT NULL AUTO_INCREMENT, AUTO_INCREMENT=94;

--
-- AUTO_INCREMENT for table `order_addons`
--
ALTER TABLE `order_addons`
  MODIFY `id` int(11) UNSIGNED NOT NULL AUTO_INCREMENT;

--
-- AUTO_INCREMENT for table `user`
--
ALTER TABLE `user`
  MODIFY `id` int(100) UNSIGNED NOT NULL AUTO_INCREMENT, AUTO_INCREMENT=40;

--
-- Constraints for dumped tables
--

--
-- Constraints for table `cart`
--
ALTER TABLE `cart`
  ADD CONSTRAINT `Cart_owner` FOREIGN KEY (`user_id`) REFERENCES `user` (`id`);

--
-- Constraints for table `cart_items`
--
ALTER TABLE `cart_items`
  ADD CONSTRAINT `food_id` FOREIGN KEY (`food_id`) REFERENCES `foods` (`id`),
  ADD CONSTRAINT `user_id` FOREIGN KEY (`user_id`) REFERENCES `user` (`id`);

--
-- Constraints for table `foods`
--
ALTER TABLE `foods`
  ADD CONSTRAINT `FK_category_id` FOREIGN KEY (`category_id`) REFERENCES `category` (`id`);

--
-- Constraints for table `food_sizes`
--
ALTER TABLE `food_sizes`
  ADD CONSTRAINT `FK_food_size` FOREIGN KEY (`food_id`) REFERENCES `foods` (`id`) ON DELETE CASCADE;

--
-- Constraints for table `orders`
--
ALTER TABLE `orders`
  ADD CONSTRAINT `Fk_user_id` FOREIGN KEY (`customer_id`) REFERENCES `user` (`id`);

--
-- Constraints for table `orders_food`
--
ALTER TABLE `orders_food`
  ADD CONSTRAINT `FK_Foods_id` FOREIGN KEY (`food_id`) REFERENCES `foods` (`id`),
  ADD CONSTRAINT `FK_Order_id` FOREIGN KEY (`order_id`) REFERENCES `orders` (`order_id`);

--
-- Constraints for table `order_addons`
--
ALTER TABLE `order_addons`
  ADD CONSTRAINT `fk_addons_id` FOREIGN KEY (`addon_id`) REFERENCES `addons` (`id`) ON DELETE CASCADE,
  ADD CONSTRAINT `fk_addons_order` FOREIGN KEY (`order_id`) REFERENCES `orders` (`order_id`) ON DELETE CASCADE;
COMMIT;

/*!40101 SET CHARACTER_SET_CLIENT=@OLD_CHARACTER_SET_CLIENT */;
/*!40101 SET CHARACTER_SET_RESULTS=@OLD_CHARACTER_SET_RESULTS */;
/*!40101 SET COLLATION_CONNECTION=@OLD_COLLATION_CONNECTION */;
